tree
version=v4
num_class=1
num_tree_per_iteration=1
label_index=0
max_feature_idx=109
objective=binary sigmoid:1
feature_names=Column_0 Column_1 Column_2 Column_3 Column_4 Column_5 Column_6 Column_7 Column_8 Column_9 Column_10 Column_11 Column_12 Column_13 Column_14 Column_15 Column_16 Column_17 Column_18 Column_19 Column_20 Column_21 Column_22 Column_23 Column_24 Column_25 Column_26 Column_27 Column_28 Column_29 Column_30 Column_31 Column_32 Column_33 Column_34 Column_35 Column_36 Column_37 Column_38 Column_39 Column_40 Column_41 Column_42 Column_43 Column_44 Column_45 Column_46 Column_47 Column_48 Column_49 Column_50 Column_51 Column_52 Column_53 Column_54 Column_55 Column_56 Column_57 Column_58 Column_59 Column_60 Column_61 Column_62 Column_63 Column_64 Column_65 Column_66 Column_67 Column_68 Column_69 Column_70 Column_71 Column_72 Column_73 Column_74 Column_75 Column_76 Column_77 Column_78 Column_79 Column_80 Column_81 Column_82 Column_83 Column_84 Column_85 Column_86 Column_87 Column_88 Column_89 Column_90 Column_91 Column_92 Column_93 Column_94 Column_95 Column_96 Column_97 Column_98 Column_99 Column_100 Column_101 Column_102 Column_103 Column_104 Column_105 Column_106 Column_107 Column_108 Column_109
feature_infos=[0:4279508480] [0:256] [0:83] [0:186] [0:4294967296] [0:10] [0:11] [0:10] [392:5873664] [0:16] [0:50496] [0:151158784] [0:2147483648] [0:168521728] [0:218692] [0:524906496] [0:112679720] [0:4294967296] [0:288200] [0:525250560] [0:2318436] [0:1952805632] [0:2588053248] [0:30652] [0:2659424] [64:113742848] [0:525241696] [0:27094528] [0:38166528] [536870912:4026531840] [0:7.9999828338623047] [0:64893] [0:17073152] [0:127123456] [0:4026531840] [0:7.9999675750732422] [0:64893] [0:16788480] [0:524296064] [0:4026531840] [0:7.9997987747192383] [0:65133] [0:65264] [0:112679936] [0:112679720] [0:4026531840] [0:7.9998965263366699] [0:65520] [0:166968400] [0:3758096640] [0:7.999847412109375] [0:7.9995131492614746] [0:65267] [0:65133] [0:4026532096] [0:7.9989075660705566] [0:7.9965462684631348] [0:3] [0:6] [0:8] [0:10] [0:7] [0:7] [0:6] [0:4] [0:7] [0:7] [0:7] [0:7] [0:6] [0:3] [0:7] [0:4] [0:12] [0:8] [0:10] [0:5] [0:5] [0:6] [0:7] [0:4] [0:6] [0:10] [0:7] [0:10] [0:7] [0:12] [0:8] [0:5] [0:4] [0:7] [0:9] [0:5] [0:6] [0:6] [0:6] [0:7] [0:8] [0:10] [0:12] [0:7] [0:4] [0:9] [0:6] [0:9] [0:2] [0:2] [704:113760256] [0:1] [0:1]
tree_sizes=3292 3551 3647 3646 3648 3548 3775 3683 3999 3884 3871 3868 3872 3873 3995 3546 3544 3863 3648 3547 3771 3876 4078 3880 3865 3871 3764 3660 3873

Tree=0
num_leaves=30
num_cat=0
split_feature=0 18 9 53 7 34 67 40 82 21 72 13 43 16 34 19 0 0 30 23 37 39 47 23 107 25 30 0 0
split_gain=660.573 604.672 347.891 213.863 132.981 79.3626 58.9907 34.8213 34.1415 33.6441 24.754 19.772 17.6379 19.5586 16.9444 24.7058 15.8345 28.1598 5.03572 3.53213 2.74124 2.33374 3.36594 1.3594 2.3797 1.13485 0.313153 0.0267297 2.84217e-14
threshold=1259795392.0000002 5356.0000000000009 2.5000000000000004 41318.500000000007 5.5000000000000009 3221225600.0000005 1.0000000180025095e-35 5.6857931613922128 1.0000000180025095e-35 2824.0000000000005 1.0000000180025095e-35 55734.000000000007 1008.0000000000001 898.00000000000011 2684354560.0000005 12224.000000000002 1523513408.0000002 1389452928.0000002 6.6160941123962411 642.00000000000011 3970.0000000000005 2684354560.0000005 46229.000000000007 706.00000000000011 118884.00000000001 146944.00000000003 5.1930525302886972 1422340288.0000002 1201299584.0000002
decision_type=2 2 2 2 2 2 2 2 2 2 2 2 2 2 2 2 2 2 2 2 2 2 2 2 2 2 2 2 2
left_child=3 2 4 5 6 7 10 14 -5 -3 12 -4 13 -2 18 -16 17 -15 21 25 -11 26 -23 24 -24 -14 28 -27 -1
right_child=1 9 11 8 -6 -7 -8 -9 -10 20 -12 -13 19 16 15 -17 -18 -19 -20 -21 -22 22 23 -25 -26 27 -28 -29 -30
leaf_value=-0.65611441535494186 -0.44201652486538612 -0.59287014562498497 -0.64910865936537876 -0.56592009234176888 -0.59522326516528135 -0.54551428607526531 -0.54474085859778498 -0.57958487135466696 -0.49457673592617307 -0.65611441535494186 -0.5163461151671237 -0.58884675828701305 -0.45143545799079998 -0.47104061799587515 -0.59334608134440547 -0.64798474129218675 -0.46476260446163215 -0.54645005674603842 -0.62933899177839248 -0.46507782841731871 -0.63831290423392084 -0.62788121871700253 -0.65309804819276884 -0.65611441535494186 -0.63284529724675009 -0.44110776403525054 -0.64966357073088865 -0.43893597967848602 -0.65611441535494186
leaf_weight=72.521010115742683 32.461785480380058 41.90102806687355 28.547953188419342 42.131253495812416 24.634120896458626 24.864346325397491 26.936375185847282 24.173670038580894 27.857276901602745 44.433507785201073 23.252768322825432 26.01547347009182 32.001334622502327 26.475924327969551 39.828999206423759 43.052155211567879 42.591704353690147 23.252768322825432 33.612912625074387 24.864346325397491 42.131253495812416 23.022542893886566 33.152461767196655 40.749900922179222 25.785248041152954 23.022542893886566 23.252768322825432 36.836068630218506 26.01547347009182
leaf_count=315 141 182 124 183 107 108 117 105 121 193 101 113 139 115 173 187 185 101 146 108 183 100 144 177 112 100 101 160 113
internal_value=-0.576421 -0.536161 -0.503779 -0.618303 -0.483668 -0.632092 -0.474247 -0.637681 -0.537524 -0.629648 -0.467075 -0.620376 -0.462331 -0.4754 -0.641571 -0.621728 -0.487138 -0.506302 -0.647485 -0.44836 -0.64745 -0.649979 -0.645113 -0.649092 -0.644237 -0.443835 -0.654883 -0.439771 -0.656114
internal_weight=979.379 499.359 370.893 480.02 316.33 410.031 291.696 385.167 69.9885 128.466 264.759 54.5634 241.506 124.782 360.993 82.8812 92.3204 49.7287 278.112 116.724 86.5648 244.499 122.71 99.6876 58.9377 91.8599 121.789 59.8586 98.5365
internal_count=4254 2169 1611 2085 1374 1781 1267 1673 304 558 1150 237 1049 542 1568 360 401 216 1208 507 376 1062 533 433 256 399 529 260 428
is_linear=0
shrinkage=1


Tree=1
num_leaves=32
num_cat=0
split_feature=0 18 9 53 7 34 67 40 51 22 72 13 34 19 16 16 28 37 107 32 63 61 14 35 20 30 40 46 30 16 0
split_gain=595.984 536.725 303.734 196.187 114.431 73.4053 49.9305 32.6466 32.4339 31.6592 20.7636 18.539 16.1436 23.1994 14.3523 16.3917 10.7541 5.53433 4.89001 6.57548 5.7308 2.67281 1.2027 1.14179 0.259798 0.217678 0.110265 0.0928138 9.0055e-05 4.0113e-09 2.84217e-14
threshold=1259795392.0000002 5356.0000000000009 2.5000000000000004 41318.500000000007 5.5000000000000009 3221225600.0000005 1.0000000180025095e-35 5.6857931613922128 2.1667437553405766 1.0000000180025095e-35 1.0000000180025095e-35 55734.000000000007 2684354560.0000005 12224.000000000002 898.00000000000011 2774.0000000000005 296760.50000000006 3970.0000000000005 102852.00000000001 27392.000000000004 1.0000000180025095e-35 1.0000000180025095e-35 116.00000000000001 5.0952301025390634 14.000000000000002 5.8205516338348398 2.127379417419434 4.3912880420684823 4.5453045368194589 16094.000000000002 1048654432.0000001
decision_type=2 2 2 2 2 2 2 2 2 2 2 2 2 2 2 2 2 2 2 2 2 2 2 2 2 2 2 2 2 2 2
left_child=3 2 4 5 6 7 10 12 -5 -3 14 -4 18 -14 24 -16 17 -17 22 20 -20 26 25 -19 -2 28 -11 -21 29 30 -1
right_child=1 9 11 8 -6 -7 -8 -9 -10 21 -12 -13 13 -15 15 16 -18 23 19 27 -22 -23 -24 -25 -26 -27 -28 -29 -30 -31 -32
leaf_value=-0.075943177060776315 0.12806962084274723 -0.01412557045158103 -0.068970169799960707 0.0069651761296265274 -0.016382133346746919 0.03064187282056622 0.031363305907677476 -0.0014442394511649283 0.074914778792513681 -0.071556191488885118 0.057649480573770645 -0.01027460039889163 -0.014581722184279403 -0.067854545262585483 0.062059510048329131 0.097704220196550839 0.085302948288768748 0.11617564324785082 -0.037212421022540611 -0.071737978130349975 -0.067119733328506959 -0.055879081023179233 -0.063434098508280079 0.12881139335041386 0.12163934843570899 -0.071022590784576581 -0.076171630232972173 -0.07626180073769756 -0.076055030342976143 -0.075943961533364857 -0.075943177060776315
leaf_weight=30.138416022062302 46.169990032911301 41.724820554256439 27.950934171676636 38.348569482564926 24.51387420296669 25.086879014968872 27.183045208454132 24.163327887654305 32.398450121283531 22.506424069404602 23.639058098196983 25.936013475060463 39.656065881252289 42.166661366820335 25.508417516946793 34.70030403137207 46.565821930766106 38.675615891814232 39.566990032792091 22.552180230617523 26.912655115127563 31.844663143157959 27.50915502011776 33.247046783566475 23.807604730129242 28.244382485747337 30.446208134293556 22.80172835290432 23.197388529777527 22.49156978726387 29.013848260045052
leaf_count=134 194 182 124 165 107 108 117 105 139 100 101 113 173 187 108 147 197 163 175 100 119 141 122 140 100 125 135 101 103 100 129
internal_value=0.00152125 0.0393547 0.069198 -0.0387192 0.0874787 -0.0521851 0.0959797 -0.0576761 0.0380826 -0.0497814 0.10243 -0.0407197 -0.0615116 -0.0420354 0.106687 0.0991698 0.105349 0.114104 -0.0673612 -0.0593337 -0.0493197 -0.067326 -0.0729513 0.122017 0.125882 -0.0749185 -0.0742099 -0.0740123 -0.0759681 -0.0759434 -0.0759432
internal_weight=978.668 504.42 377.898 474.248 324.011 403.501 299.497 378.414 70.747 126.522 272.314 53.8869 354.251 81.8227 248.675 178.697 153.189 106.623 272.428 111.834 66.4796 84.7973 160.595 71.9227 69.9776 133.086 52.9526 45.3539 104.841 81.6438 59.1523
internal_count=4254 2169 1611 2085 1374 1781 1267 1673 304 558 1150 237 1568 360 1049 755 647 450 1208 495 294 376 713 303 294 591 235 201 466 363 263
is_linear=0
shrinkage=0.05


Tree=2
num_leaves=33
num_cat=0
split_feature=0 18 9 29 53 7 67 82 14 107 13 2 40 16 30 19 50 35 107 27 28 0 48 14 14 30 32 0 19 13 107 30
split_gain=539.414 481.73 279.856 218.026 171.739 100.658 47.305 40.6798 34.9113 19.4052 17.0524 14.1343 13.7127 13.0413 14.238 10.8097 5.95497 7.46779 4.63556 10.2648 3.73429 3.52985 2.2493 1.75522 1.66465 0.721225 1.02018 0.352113 0.108409 0.00466358 3.18258e-05 8.97464e-07
threshold=1259795392.0000002 6012.0000000000009 2.5000000000000004 2415919168.0000005 41318.500000000007 5.5000000000000009 1.0000000180025095e-35 1.0000000180025095e-35 214.00000000000003 1973452.0000000002 71902.000000000015 9.5000000000000018 5.2975544929504403 898.00000000000011 6.5179357528686532 16480.000000000004 4.7272498607635507 5.2645516395568857 155780.00000000003 115200.00000000001 44828.000000000007 1526964352.0000002 2595.0000000000005 116.00000000000001 138.00000000000003 5.8205516338348398 3616.0000000000005 1422340288.0000002 190464.00000000003 9206.0000000000018 17028.000000000004 4.0308129787445077
decision_type=2 2 2 2 2 2 2 2 2 2 2 2 2 2 2 2 2 2 2 2 2 2 2 2 2 2 2 2 2 2 2 2
left_child=3 2 5 4 12 6 9 -6 -5 13 -4 -3 18 27 15 20 17 -16 24 -20 -15 22 -13 -21 25 29 -27 -2 -25 30 31 -1
right_child=1 11 10 8 7 -7 -8 -9 -10 -11 -12 21 -14 14 16 -17 -18 -19 19 23 -22 -23 -24 28 -26 26 -28 -29 -30 -31 -32 -33
leaf_value=-0.074045919485457135 0.11902385958234146 -0.023644604228336696 -0.065107710391561588 0.10796725596519 -0.0055364534560457543 -0.016685010903904767 0.026209375475760317 0.076702634811960033 0.022640192104346105 0.055064821790046528 -0.0092743302958410902 -0.065896830854577954 -0.031475038190915891 0.076614792554221503 0.074685430223533356 0.054573072577458498 0.1170972072391858 0.11283292956563773 -0.035185985630483869 -0.056934969082134725 0.10335185171496677 -0.075144339829177009 -0.043380051925693199 -0.074659855041404974 -0.061009037265006894 -0.059004450957588453 -0.073202909281435011 0.11171023407181353 -0.07004651178878861 -0.074872627173694986 -0.074113186520059077 -0.074058332105645969
leaf_weight=38.374895229935646 46.284001708030701 28.589687213301659 31.395221382379532 23.065544053912163 37.267573773860931 24.837790548801422 28.301217406988144 25.208303481340408 24.959607914090157 28.812781095504761 24.229315638542175 22.178082659840584 32.958303362131119 24.690051808953285 27.42697873711586 34.050196394324303 47.309403166174889 24.104138359427452 36.128865122795105 26.661059021949768 27.722734093666077 39.810482934117317 22.186360538005829 30.064710155129433 43.242264479398727 22.149982020258904 29.501750275492668 25.537719294428825 22.091398566961288 22.606017619371414 30.289753168821335 23.467719420790672
leaf_count=175 190 127 142 100 160 109 121 106 107 120 106 100 145 103 114 142 196 100 162 119 115 179 100 136 195 100 133 105 100 102 138 107
internal_value=0.00141545 0.0371225 0.0631612 -0.0372996 -0.0488391 0.0802137 0.0878726 0.0276461 0.0636211 0.0939759 -0.0407874 -0.054019 -0.0622041 0.0983361 0.0913257 0.0765072 0.104289 0.0925293 -0.0653244 -0.0572549 0.0907568 -0.0643356 -0.0546363 -0.0673711 -0.069749 -0.0720204 -0.0671141 0.116423 -0.0727058 -0.0742291 -0.0740712 -0.0740506
internal_weight=975.504 507.466 394.702 468.038 420.013 339.077 314.239 62.4759 48.0252 285.938 55.6245 112.765 357.537 257.125 185.304 86.463 98.8405 51.5311 324.578 114.946 52.4128 84.1749 44.3644 78.8172 209.632 166.39 51.6517 71.8217 52.1561 114.738 92.1324 61.8426
internal_count=4254 2169 1663 2085 1878 1415 1306 266 207 1185 248 506 1612 1065 770 360 410 214 1467 517 218 379 200 355 950 755 233 295 236 522 420 282
is_linear=0
shrinkage=0.05


Tree=3
num_leaves=33
num_cat=0
split_feature=0 18 9 29 53 12 82 16 14 107 38 0 10 13 2 28 87 107 23 20 0 38 46 35 16 44 25 40 38 30 10 25
split_gain=489.528 432.687 248.176 198.748 159.555 77.252 35.9569 31.7159 29.953 24.8783 29.6713 22.1972 17.4487 16.0574 13.4376 10.7561 10.4003 5.02152 8.01344 12.8351 3.41416 2.17185 2.04477 2.55132 1.65002 0.322741 0.205553 0.0426213 0.013824 0.00133884 1.12362e-06 2.38457e-08
threshold=1259795392.0000002 6012.0000000000009 2.5000000000000004 2415919168.0000005 41318.500000000007 72.500000000000014 1.0000000180025095e-35 898.00000000000011 214.00000000000003 1936318.0000000002 2457.0000000000005 1524820480.0000002 28848.000000000004 71902.000000000015 9.5000000000000018 528706.00000000012 1.0000000180025095e-35 114944.00000000001 802.00000000000011 1.0000000180025095e-35 1526964352.0000002 11408.000000000002 4.5456190109252939 5.1294245719909677 1022.0000000000001 4612.0000000000009 18176.000000000004 3.7928482294082646 1478.0000000000002 5.1033198833465585 1184.0000000000002 9344.0000000000018
decision_type=2 2 2 2 2 2 2 2 2 2 2 2 2 2 2 2 2 2 2 2 2 2 2 2 2 2 2 2 2 2 2 2
left_child=3 2 5 4 12 7 -6 26 -5 10 11 -9 17 -4 -3 16 22 24 19 -19 21 -16 23 -12 -1 28 -2 -20 29 30 -26 -32
right_child=1 14 13 8 6 -7 -8 9 -10 -11 15 -13 -14 -15 20 -17 -18 18 27 -21 -22 -23 -24 -25 25 -27 -28 -29 -30 -31 31 -33
leaf_value=-0.058291337409613619 0.10766671986377468 -0.022637211725759648 -0.063331252099588661 0.09975944798826307 -0.0052674681841323508 -0.0030519446848143081 0.071718278741647823 0.013595625148225625 0.021382353140262263 0.033940760327025969 0.087555672948147825 0.076375694709189548 -0.027306159256175119 -0.00883535487836201 -0.064136640718942498 0.064278688142369395 0.069153708228909927 -0.028455843587476156 -0.07060315741750027 -0.067686252976426817 -0.073326084080250001 -0.041799790936344866 0.11348877647075745 0.10970974987787313 -0.072341744378046982 -0.066085652347238455 0.11323408967082145 -0.073497761521061661 -0.073705077872548069 -0.072771084785581641 -0.072329531674978007 -0.072327466763116272
leaf_weight=26.818856745958328 25.463603362441063 28.374471515417099 30.680271729826927 23.697523280978203 37.21353805065155 28.87219150364399 25.601440787315369 24.516001656651497 25.1026781052351 33.864447146654129 25.290922567248344 33.074826151132584 35.683799430727959 24.163203924894333 21.683234721422195 28.593167051672935 24.360053360462189 43.297850742936134 21.752470329403877 40.213948726654053 38.78377777338028 21.84708958864212 45.071098953485489 26.731449037790298 23.053110018372536 21.58514392375946 47.517692014575005 30.616259783506393 26.58348485827446 22.141495913267136 34.572703242301941 23.474460318684578
leaf_count=124 103 127 142 100 160 122 106 102 107 141 104 137 161 106 100 119 101 196 101 184 179 100 184 109 108 100 193 141 122 103 162 110
internal_value=0.00132008 0.0351374 0.0594452 -0.035977 -0.0472625 0.075221 0.0261095 0.0824071 0.0594425 0.0736783 0.0801593 0.0496507 -0.0604384 -0.0393212 -0.0523096 0.0918691 0.0983645 -0.0642023 -0.056962 -0.0473467 -0.062538 -0.0529262 0.105693 0.0989394 -0.0697223 -0.071747 0.111292 -0.0722954 -0.0726883 -0.0724265 -0.0723324 -0.0723287
internal_weight=970.296 508.888 398.199 461.409 412.609 343.355 62.815 314.483 48.8002 241.502 207.638 57.5908 349.794 54.8435 110.689 150.047 121.454 314.11 135.881 83.5118 82.3141 43.5303 97.0935 52.0224 178.229 151.41 72.9813 52.3687 129.825 103.242 81.1003 58.0472
internal_count=4254 2169 1663 2085 1878 1415 266 1293 207 997 856 239 1612 248 506 617 498 1451 622 380 379 200 397 213 829 705 296 242 605 483 380 272
is_linear=0
shrinkage=0.05


Tree=4
num_leaves=33
num_cat=0
split_feature=0 9 109 29 52 73 7 23 20 56 14 107 10 43 39 38 89 20 19 38 35 21 46 25 11 25 107 36 36 26 107 30
split_gain=445.206 264.585 211.473 181.581 148.684 98.5341 80.0727 49.5707 33.1461 26.2933 26.0534 20.1922 16.5746 9.54669 8.99211 6.53664 8.76673 15.464 6.32444 5.69559 5.11544 2.88376 2.28819 2.15704 1.35694 0.743659 0.322314 0.25983 0.0720002 0.0409762 0.00610591 0.000983306
threshold=1259795392.0000002 2.5000000000000004 1.0000000180025095e-35 2415919168.0000005 63138.500000000007 2.5000000000000004 5.5000000000000009 510.00000000000006 30.000000000000004 5.0711963176727304 214.00000000000003 1353367.5000000002 28848.000000000004 1008.0000000000001 2684354560.0000005 6032.0000000000009 1.0000000180025095e-35 1.0000000180025095e-35 311548.00000000006 55102.000000000007 4.3782737255096444 4632.0000000000009 3.9088274240493779 123136.00000000001 9312.0000000000018 233728.00000000003 595640.00000000012 12753.000000000002 25283.000000000004 6522.5000000000009 70912.000000000015 4.3688316345214853
decision_type=2 2 2 2 2 2 2 2 2 2 2 2 2 2 2 2 2 2 2 2 2 2 2 2 2 2 2 2 2 2 2 2
left_child=3 2 6 4 12 8 7 13 -4 -6 -5 19 15 18 21 22 17 -17 20 -9 -2 -3 27 -15 -10 -18 -25 -1 -29 -30 31 -31
right_child=1 14 5 10 9 -7 -8 11 24 -11 -12 -13 -14 23 -16 16 25 -19 -20 -21 -22 -23 -24 26 -26 -27 -28 28 29 30 -32 -33
leaf_value=-0.066146547682498238 0.073886604186621518 -0.0465548641142466 0.0062569316821302502 0.092835999609459402 -0.0034367641443728337 0.065222451568389073 -0.016826798121587414 0.044148384310864354 -0.05657047492365052 0.064945777067741808 0.02020555725184096 0.0055281604399893703 -0.025860125090512012 0.089728726014044372 -0.024465078098992205 -0.01014272472890294 -0.05966427102712684 -0.06119293422102761 0.05951756897231715 0.077607221838885257 0.098079783305452861 -0.069499409962382019 -0.05644983464543997 0.10180275973707265 -0.072730827381929541 -0.070655405801720958 0.10868105716178567 -0.073708841250074181 -0.068928817586661278 -0.070774497359941707 -0.071970418955234913 -0.071224867471352815
leaf_weight=31.200124964118004 43.140997603535652 23.59083853662014 24.87034173309803 24.178197681903839 29.081241011619568 30.175978392362595 24.692883208394051 26.394815877079964 28.992485359311104 27.209307551383972 25.23298479616642 25.165688991546631 36.057836890220642 32.513658776879311 26.322432890534401 26.151032656431198 27.499294087290764 34.27950356900692 29.953849315643311 24.548566266894341 44.270746171474457 32.643849834799767 37.676040127873421 32.770111188292503 23.533469766378403 34.947725251317024 35.462878659367561 24.117503866553307 25.358706519007683 28.8244688808918 21.61385552585125 20.912615299224854
leaf_count=150 175 108 110 100 124 128 108 109 134 114 107 105 164 131 121 121 129 160 122 101 179 153 177 132 110 165 143 111 122 139 102 100
internal_value=0.00123537 0.0333471 0.049207 -0.0347427 -0.0457844 -0.0114152 0.0696553 0.0769135 -0.0412955 0.0296175 0.0557456 0.0421705 -0.0579587 0.0890369 -0.0485843 -0.0616614 -0.0526775 -0.0391012 0.0793451 0.0602715 0.0861395 -0.059874 -0.0674806 0.100327 -0.0638109 -0.0658153 0.105378 -0.0702143 -0.0712647 -0.0706552 -0.0712688 -0.0709639
internal_weight=963.384 509.044 426.486 454.34 404.929 107.572 318.914 294.221 77.3963 56.2905 49.4112 76.1091 348.639 218.112 82.5571 312.581 122.878 60.4305 117.366 50.9434 87.4117 56.2347 189.703 100.747 52.526 62.447 68.233 152.027 120.827 96.7096 71.3509 49.7371
internal_count=4254 2169 1787 2085 1878 482 1305 1197 354 238 207 315 1640 882 382 1476 575 281 476 210 354 261 901 406 244 294 275 724 574 463 341 239
is_linear=0
shrinkage=0.05


Tree=5
num_leaves=32
num_cat=0
split_feature=29 107 11 18 62 23 16 44 21 27 33 44 19 30 23 99 30 34 15 76 20 38 10 23 21 40 35 47 29 2 19
split_gain=257.27 194.601 197.365 120.601 116.717 76.1803 50.5222 49.0119 46.4949 40.2715 39.0367 28.3551 20.4744 21.0446 38.8664 18.5932 17.5025 13.1723 12.4564 12.2263 11.8506 4.92947 4.65733 3.70162 2.99266 2.84669 0.479905 0.296167 0.0277548 0.00209423 2.16299e-05
threshold=3221225600.0000005 98560.000000000015 9312.0000000000018 6764.0000000000009 1.5000000000000002 494.00000000000006 780.00000000000011 183538.00000000003 238530.00000000003 1.0000000180025095e-35 590.00000000000011 7728.0000000000009 555008.00000000012 6.5305833816528329 38.000000000000007 1.5000000000000002 6.5914607048034677 1073742016.0000002 137216.00000000003 1.0000000180025095e-35 66.000000000000014 13174.000000000002 28848.000000000004 846.00000000000011 4104.0000000000009 2.2566361427307133 4.9420995712280282 56603.500000000007 1342177280.0000002 9.5000000000000018 4928.0000000000009
decision_type=2 2 2 2 2 2 2 2 2 2 2 2 2 2 2 2 2 2 2 2 2 2 2 2 2 2 2 2 2 2 2
left_child=1 6 3 4 5 8 -1 15 10 -2 -3 17 13 14 -12 19 24 22 -15 -7 -19 -5 27 -6 -4 -11 -26 28 29 30 -8
right_child=9 2 16 21 23 7 11 -9 -10 25 12 -13 -14 18 -16 -17 -18 20 -20 -21 -22 -23 -24 -25 26 -27 -28 -29 -30 -31 -32
leaf_value=0.011862380342099956 0.027243400768292243 -0.012636414546749615 -0.049681676678962616 -0.06130282913989793 0.10192026643917802 -0.020720642108731094 -0.069455456539702171 0.049116277487033788 -0.027783063481848627 0.080308076194465283 0.0020144871794213481 -0.011118484810941829 0.013033270029210559 0.054566692286619395 0.076573404218446786 0.0074328806981935813 -0.018413549998647982 -0.0086235297445295036 0.098968154080783688 -0.06317807801797963 -0.058652019951918266 -0.031525177841125289 -0.047127865812488179 0.07738167035224304 -0.073119952997328111 0.10004309184558496 -0.063466190340784365 -0.064129043785904657 -0.071488689154249913 -0.069975394283558923 -0.069392091316495361
leaf_weight=36.936166793107986 34.630268156528473 24.089056745171547 30.307354599237442 27.289498835802078 42.215923011302948 33.728702411055565 29.238957032561302 26.183724388480186 23.532585710287094 30.224813401699066 31.138132825493813 38.051421329379082 24.133813038468361 24.871607780456543 39.845742866396904 26.34024153649807 31.199936971068382 22.562201038002968 43.285824120044708 34.097917512059212 24.90142710506916 28.322590842843056 30.251833021640778 24.166112586855888 32.690401524305344 46.209015011787415 21.236837297677994 26.254608288407326 25.80431042611599 25.545187994837761 24.968260437250137
leaf_count=164 144 105 140 129 172 150 145 113 105 123 135 171 101 107 165 116 143 100 177 158 118 130 140 99 153 189 100 126 124 126 124
internal_value=0.00039105 -0.00892716 0.00796321 0.0228286 0.0324741 0.0203473 -0.042687 -0.0113941 0.0384608 0.0719732 0.046781 -0.0508252 0.0555472 0.0629211 0.043867 -0.0282195 -0.050404 -0.0580361 0.0827654 -0.0420649 -0.0348706 -0.0461374 -0.0648207 0.0929871 -0.0622531 0.0922391 -0.0693182 -0.0688813 -0.0700633 -0.0696022 -0.0694263
internal_weight=964.254 853.19 568.676 453.241 397.629 331.247 284.514 120.351 210.897 111.064 187.364 247.578 163.275 139.141 70.9839 94.1669 115.435 209.527 68.1574 67.8266 47.4636 55.6121 162.063 66.382 84.2346 76.4338 53.9272 131.811 105.557 79.7524 54.2072
internal_count=4292 3836 2498 1962 1703 1432 1338 537 895 456 790 1174 685 584 300 424 536 1003 284 308 218 259 785 271 393 312 253 645 519 395 269
is_linear=0
shrinkage=0.05


Tree=6
num_leaves=34
num_cat=0
split_feature=0 18 9 29 52 7 11 14 56 93 77 10 24 104 24 19 16 30 95 42 40 33 91 27 40 13 23 31 68 25 20 25 32
split_gain=390.091 322.547 188.95 151.595 140.305 85.0601 28.5971 26.0318 23.2621 22.0819 20.7848 15.935 13.8114 9.54659 8.18 5.79049 5.6357 3.32878 2.6925 2.1157 1.94071 2.37138 1.75271 2.89204 0.938097 0.795452 0.362248 1.23994 0.287664 0.374779 0.0137669 0.0032037 2.52172e-05
threshold=1259795392.0000002 5356.0000000000009 2.5000000000000004 2415919168.0000005 63138.500000000007 5.5000000000000009 13928.000000000002 178.00000000000003 5.0711963176727304 1.0000000180025095e-35 1.0000000180025095e-35 28848.000000000004 1.0000000180025095e-35 1.0000000180025095e-35 1.0000000180025095e-35 34816.000000000007 704.00000000000011 6.6098618507385263 1.0000000180025095e-35 6882.5000000000009 4.2266271114349374 26998.500000000004 1.0000000180025095e-35 184576.00000000003 2.2566361427307133 175912.00000000003 106.00000000000001 21890.500000000004 1.0000000180025095e-35 956416.00000000012 142.00000000000003 27904.000000000004 496.00000000000006
decision_type=2 2 2 2 2 2 2 2 2 2 2 2 2 2 2 2 2 2 2 2 2 2 2 2 2 2 2 2 2 2 2 2 2
left_child=3 2 5 4 11 6 10 -5 -6 15 13 16 -4 14 18 -3 -1 22 19 -2 21 -17 25 -24 -21 26 27 -18 -26 -30 -28 32 -29
right_child=1 9 12 7 8 -7 -8 -9 -10 -11 -12 -13 -14 -15 -16 20 17 -19 -20 24 -22 -23 23 -25 28 -27 30 31 29 -31 -32 -33 -34
leaf_value=-0.035232247073183134 0.081459076278328185 -0.031268080512846498 -0.0082765669280516763 0.08344260475333598 -0.0024265415133267808 -0.02211948544331474 0.020850833083888951 0.012075570555195612 0.060135610260878186 0.0020168707787384327 0.037301345818159901 -0.024604111359810315 -0.060575649041637064 0.053592255383916154 0.065163956013137347 -0.064677930307475581 -0.054446364157652853 -0.048274873601152873 0.074286235197507586 0.089070873026889832 -0.070768175654636264 -0.0413991341004969 -0.043910638837800553 -0.067173133915253369 0.1019425223875534 -0.057342521910616832 -0.07093747596538609 -0.068140785777877952 0.09137663572180045 0.099862578541969726 -0.069492868725557308 -0.068828084539822046 -0.068074852987679443
leaf_weight=21.456749141216278 38.149094939231873 22.671585962176323 22.719552025198936 25.454412698745728 31.708761304616928 25.455813944339752 24.325271904468536 25.656755074858665 27.959513276815414 22.359786361455917 29.201159551739693 35.643734633922577 28.408431738615036 26.907195195555687 42.33128260076046 23.374314710497856 20.219877511262894 39.140909373760223 25.347460702061653 44.904144331812859 27.243273541331291 20.565434947609901 25.733463764190674 27.788557499647141 30.157022893428802 22.237734973430634 36.03057599067688 23.441900759935379 24.918637335300446 27.228151217103004 30.413070157170296 20.032353177666664 38.027956753969193
leaf_count=101 153 106 104 103 135 112 100 107 115 101 119 164 137 109 171 113 101 188 103 180 132 100 124 135 121 108 174 120 100 109 151 101 195
internal_value=0.0003545 0.0304791 0.0522634 -0.0334657 -0.0438306 0.0657797 0.0729177 0.0476178 0.026889 -0.0426363 0.0772981 -0.0562355 -0.0373357 0.0817912 0.0850471 -0.0532744 -0.0599379 -0.0618106 0.0894606 0.0917867 -0.0602833 -0.0537826 -0.0639826 -0.0559885 0.0948839 -0.0662297 -0.0674049 -0.0655294 0.0980555 0.0958075 -0.0702762 -0.068279 -0.0681
internal_weight=957.214 506.268 390.053 450.946 399.835 338.925 313.469 51.1112 59.6683 116.214 289.144 340.167 51.128 259.943 233.036 93.8546 304.523 283.066 190.705 165.357 71.183 43.9397 243.925 53.522 127.208 190.403 168.166 101.722 82.3038 52.1468 66.4436 81.5022 61.4699
internal_count=4292 2170 1618 2122 1912 1377 1265 210 250 552 1165 1662 241 1046 937 451 1498 1397 766 663 345 213 1209 259 510 950 842 517 330 209 325 416 315
is_linear=0
shrinkage=0.05


Tree=7
num_leaves=33
num_cat=0
split_feature=0 7 29 17 52 73 24 98 0 19 14 82 47 77 10 23 107 84 96 19 10 57 15 10 100 32 30 35 107 38 20 10
split_gain=356.488 186.656 139.21 133.924 130.655 87.638 48.8559 43.6255 42.9033 35.2709 23.2597 21.5147 17.7533 17.1546 15.4028 6.4862 5.39121 8.86608 10.0641 3.79838 8.31774 3.75079 2.83056 1.21016 1.12119 0.904954 2.66958 0.268099 0.0454383 0.0288808 0.00331035 0.000492537
threshold=1259795392.0000002 5.5000000000000009 2415919168.0000005 3328.0000000000005 63138.500000000007 2.5000000000000004 1.0000000180025095e-35 1.0000000180025095e-35 1524500032.0000002 15670.000000000002 178.00000000000003 1.0000000180025095e-35 40269.500000000007 1.0000000180025095e-35 28848.000000000004 510.00000000000006 118884.00000000001 1.0000000180025095e-35 1.0000000180025095e-35 1.0000000180025095e-35 33072.000000000007 1.0000000180025095e-35 157696.00000000003 33072.000000000007 1.0000000180025095e-35 3616.0000000000005 5.801182985305787 5.1294245719909677 548908.00000000012 108.00000000000001 142.00000000000003 1184.0000000000002
decision_type=2 2 2 2 2 2 2 2 2 2 2 2 2 2 2 2 2 2 2 2 2 2 2 2 2 2 2 2 2 2 2 2
left_child=2 3 4 6 14 9 7 13 -8 -5 -4 -6 23 15 16 19 25 18 21 24 -21 -18 -11 -3 27 26 31 -2 -19 -27 -31 -1
right_child=1 12 10 5 11 -7 8 -9 -10 22 -12 -13 -14 -15 -16 -17 17 28 -20 20 -22 -23 -24 -25 -26 29 -28 -29 -30 30 -32 -33
leaf_value=-0.067243886842504583 0.096225814042278257 -0.069487880696008072 0.07875746117184762 0.018733198226987109 -0.0010590140456383222 0.070062055848417876 -0.023632462536129772 0.006857980292194055 0.057549149265751137 -0.066062967006179654 0.011443853650272347 0.059343869232307479 -0.0090946366280884212 0.038783224952597881 -0.023589286303866086 0.058388175004332236 -0.041328369316246963 -0.066687445509100607 -0.017351289367034183 0.055841684298164586 0.092031902925821529 -0.06759411737491125 -0.043527600094267371 -0.053582893534200149 0.08160074926583992 -0.066988438194371919 -0.048203989018142622 0.090263122193775955 -0.069817654725856854 -0.069272010712234322 -0.068452243298013249 -0.066939688022265298
leaf_weight=20.947094917297363 34.537406787276268 27.985515713691711 25.615566611289978 25.021054536104202 33.581619143486023 28.757452785968781 30.628764972090721 26.178194031119347 34.727414220571518 22.451826110482216 25.717774108052254 26.27793775498867 22.59408164024353 28.56574784219265 35.326535806059837 29.056639358401299 28.613393008708954 21.658182233572006 29.011233925819397 31.165586024522781 32.364197909832001 25.890577360987663 36.729867443442345 20.884661197662354 30.326074853539467 28.765967667102814 27.926647588610649 41.508271798491478 24.948095455765724 32.449389785528183 19.847223103046417 36.480499818921089
leaf_count=110 139 135 103 109 144 120 138 109 146 111 107 106 106 116 164 118 138 109 141 127 131 129 177 99 122 152 139 167 124 162 101 193
internal_value=0.00032177 0.0291064 -0.0323885 0.0414884 -0.0425343 -0.00529803 0.0580528 0.0679834 0.0195039 -0.0310355 0.0450336 0.0254574 -0.0457459 0.0750163 -0.0547982 0.0802185 -0.0585161 -0.0508919 -0.0411419 0.0839519 0.0742782 -0.0538052 -0.0520769 -0.0626909 0.0897295 -0.0644775 -0.0608843 0.0929712 -0.068363 -0.0682609 -0.0689609 -0.0670506
internal_weight=946.54 503.483 443.058 432.018 391.724 112.96 319.058 253.702 65.3562 84.2027 51.3333 59.8596 71.4643 227.524 331.865 198.958 296.538 130.121 83.5152 169.902 63.5298 54.504 59.1817 48.8702 106.372 166.417 85.3542 76.0457 46.6063 81.0626 52.2966 57.4276
internal_count=4292 2170 2122 1830 1912 517 1313 1029 284 397 210 250 340 920 1662 804 1498 641 408 686 258 267 288 234 428 857 442 306 233 415 263 303
is_linear=0
shrinkage=0.05


Tree=8
num_leaves=36
num_cat=0
split_feature=0 18 9 29 52 7 107 14 51 93 10 24 16 30 28 2 26 16 107 84 96 57 97 30 16 0 25 46 107 14 42 35 30 21 27
split_gain=325.993 270.641 161.128 128.003 121.776 67.8917 27.3726 20.9187 20.5747 19.1664 14.9236 12.9048 10.9083 15.1017 10.2255 9.31803 7.13296 5.79515 4.64565 6.14261 6.43328 3.27653 2.33831 2.36627 1.98782 1.55462 0.758903 0.446566 0.0445881 0.0397183 0.032554 0.00270591 0.000173707 2.36204e-05 2.45486e-06
threshold=1259795392.0000002 5356.0000000000009 2.5000000000000004 2415919168.0000005 63138.500000000007 5.5000000000000009 1973452.0000000002 178.00000000000003 2.1667437553405766 1.0000000180025095e-35 28848.000000000004 1.0000000180025095e-35 938.00000000000011 6.5898008346557626 296760.50000000006 9.5000000000000018 140264.50000000003 690.00000000000011 118884.00000000001 1.0000000180025095e-35 1.0000000180025095e-35 1.0000000180025095e-35 1.0000000180025095e-35 7.6456367969512948 19440.000000000004 1525311808.0000002 63744.000000000007 3.9186809062957768 548908.00000000012 138.00000000000003 6254.5000000000009 4.9987323284149179 4.1551485061645517 2824.0000000000005 5376.0000000000009
decision_type=2 2 2 2 2 2 2 2 2 2 2 2 2 2 2 2 2 2 2 2 2 2 2 2 2 2 2 2 2 2 2 2 2 2 2
left_child=3 2 5 4 10 6 12 -5 -6 15 17 -4 26 14 16 -3 -14 -1 27 20 21 -20 23 -15 -18 -17 -2 30 -21 -27 32 -32 33 34 -19
right_child=1 9 11 7 8 -7 -8 -9 -10 -11 -12 -13 13 22 -16 25 24 18 19 28 -22 -23 -24 -25 -26 29 -28 -29 -30 -31 31 -33 -34 -35 -36
leaf_value=-0.031545115825067069 0.082559476112348096 -0.023567364062143721 -0.0079722097337065808 0.074604302409736103 -3.9052311388161897e-05 -0.019362399236702368 0.024008641020186308 0.010847286520956857 0.059622233594599588 0.00089106399122734238 -0.022613434372252064 -0.058921140960479471 0.041823110792761825 0.064973117333504457 0.029118087943792129 -0.051282281630788476 0.08382798523945599 -0.065846176536923692 -0.042108149284112044 -0.065102773217675755 -0.023469654291407776 -0.067938845315343402 0.091143869760582585 0.084790642618772408 0.063965790793387559 -0.065142714966664392 0.092484406671967667 -0.059646617542744917 -0.068321955047209643 -0.068343732750768979 -0.068038614219637708 -0.06720314227254702 -0.065984072082353587 -0.065768120953527076 -0.065821171923768615
leaf_weight=20.482998237013817 38.529842004179955 23.358864784240723 22.613453090190887 25.68724749982357 35.64902301132679 24.944773390889168 34.020432099699974 25.774070084095001 24.301504209637642 22.442849963903427 35.016514703631401 27.595091700553894 26.754965543746948 31.464073300361633 32.129764720797539 28.010667562484741 24.866177633404732 19.91778726875782 26.836351901292801 19.968588814139366 26.699777543544769 22.62845404446125 32.209535792469978 28.896293446421623 25.530125632882118 19.390444502234459 38.512809574604034 30.502470344305038 23.315967887639999 19.372265160083771 19.366390407085419 19.39946785569191 19.087410315871239 20.961225122213364 19.353589877486229
leaf_count=100 156 110 104 103 150 112 138 107 100 101 164 137 108 127 130 141 100 109 132 104 131 117 130 117 103 101 156 158 120 99 100 102 104 115 106
internal_value=0.000291657 0.0278014 0.0476016 -0.0313731 -0.0413094 0.0600217 0.06635 0.042672 0.0241452 -0.0404537 -0.053438 -0.0359742 0.071515 0.0654058 0.0528186 -0.0507485 0.0626887 -0.057179 -0.0591379 -0.0517963 -0.0432486 -0.0539248 0.0802654 0.0744604 0.0737661 -0.0602571 0.0875208 -0.0650399 -0.0668368 -0.0667425 -0.066433 -0.0676205 -0.0658526 -0.065811 -0.0658339
internal_weight=935.591 500.642 388.067 434.949 383.488 337.859 312.914 51.4613 59.9505 112.575 323.537 50.2085 278.894 201.851 109.281 90.1322 77.1513 288.52 268.037 119.449 76.1646 49.4648 92.5699 60.3604 50.3963 66.7734 77.0427 148.588 43.2846 38.7627 118.086 38.7659 79.32 60.2326 39.2714
internal_count=4292 2170 1618 2122 1912 1377 1265 210 250 552 1662 241 1127 815 441 451 311 1498 1398 604 380 249 374 244 203 341 312 794 224 200 636 202 434 330 215
is_linear=0
shrinkage=0.05


Tree=9
num_leaves=35
num_cat=0
split_feature=0 18 9 29 52 7 11 56 107 14 93 10 13 16 30 51 28 21 16 38 107 84 96 57 0 46 46 30 26 107 38 30 31 27
split_gain=298.612 246.252 145.89 117.79 113.635 61.4475 25.2858 19.4748 19.1393 18.9178 18.0576 14.4867 12.308 7.88478 8.87424 9.51239 8.32784 5.70614 5.58293 5.31071 4.67211 6.03511 6.16256 3.23313 2.5946 1.56628 0.466547 0.103243 0.046966 0.0428681 0.027834 0.000512229 2.29779e-05 6.21566e-06
threshold=1259795392.0000002 5356.0000000000009 2.5000000000000004 2415919168.0000005 63138.500000000007 5.5000000000000009 13928.000000000002 5.0711963176727304 1973452.0000000002 178.00000000000003 1.0000000180025095e-35 28848.000000000004 55734.000000000007 954.00000000000011 6.6361165046691903 1.3602210283279421 316390.00000000006 2824.0000000000005 704.00000000000011 12774.000000000002 118884.00000000001 1.0000000180025095e-35 1.0000000180025095e-35 1.0000000180025095e-35 1520804672.0000002 0.50455623865127575 3.9186809062957768 6.360919952392579 224825.00000000003 548908.00000000012 579.00000000000011 4.4506406784057626 63978.500000000007 4352.0000000000009
decision_type=2 2 2 2 2 2 2 2 2 2 2 2 2 2 2 2 2 2 2 2 2 2 2 2 2 2 2 2 2 2 2 2 2 2
left_child=3 2 5 4 11 6 8 -6 13 -5 17 18 -4 27 15 16 19 -3 -1 -15 26 22 23 -22 -19 -16 30 -2 -26 -23 31 32 33 -20
right_child=1 10 12 9 7 -7 -8 -9 -10 -11 -12 -13 -14 14 25 -17 -18 24 20 -21 21 29 -24 -25 28 -27 -28 -29 -30 -31 -32 -33 -34 -35
leaf_value=-0.030727904717284923 0.087539626229319989 -0.030809996641836607 -0.059716782019196703 0.070887287051669773 -0.0039338660255795353 -0.018515452466301464 0.01459671636835215 0.05309383642319046 0.0279765049937616 0.010283637626752683 0.00084627272285908305 -0.021674793599642413 -0.0098162282985930077 0.044017784607210064 0.071058781216044517 0.084572117129088367 0.025427068767024937 -0.043447034739697528 -0.064850435396520287 0.072629223224938796 -0.040765375682701728 -0.063914008784596701 -0.022527872448432844 -0.066764785702823778 -0.063650177354160356 0.08593891105877513 -0.058317926425237636 0.083610382895069973 -0.067091734752802709 -0.067121973154845374 -0.066593041892124227 -0.065108176714430976 -0.064764130138340398 -0.064811692759193559
leaf_weight=20.400933757424355 42.544292226433754 28.122199311852455 24.684365674853325 25.682283595204353 31.841599643230438 24.785669207572937 24.568742051720619 28.255145847797394 27.745897695422173 25.826043516397476 22.448996275663376 34.714145943522453 24.744287922978401 30.057085990905762 29.600502759218216 25.697114959359169 24.812450230121613 20.064327880740166 18.536961659789085 35.226581886410713 26.346897602081299 19.338978722691536 26.432125315070152 21.893686413764954 18.509937778115273 43.931018859148026 29.439753487706184 27.539791852235794 21.34441827237606 22.56519827246666 33.346610456705093 18.34625169634819 20.415805667638779 23.447759881615639
leaf_count=101 174 135 128 103 135 112 100 115 112 107 101 164 113 121 120 104 100 103 105 142 132 104 131 117 100 179 157 113 113 120 179 103 116 133
internal_value=0.000265146 0.0266322 0.0454746 -0.0304013 -0.0401317 0.0572564 0.0632812 0.0228783 0.0674466 0.0405009 -0.0391835 -0.0521444 -0.0347363 0.0716682 0.0663646 0.0577382 0.0500847 -0.0493904 -0.0559151 0.0594563 -0.0578906 -0.0504549 -0.0419327 -0.052565 -0.0581109 0.0799488 -0.0639298 0.0859956 -0.0654933 -0.0656415 -0.0653778 -0.0648759 -0.0648076 -0.0648288
internal_weight=923.258 496.428 385.938 426.83 375.322 336.509 311.723 60.0967 287.155 51.5083 110.49 315.225 49.4287 259.409 189.325 115.793 90.0961 88.0409 280.511 65.2837 260.11 116.577 74.6727 48.2406 59.9187 73.5315 143.533 70.0841 39.8544 41.9042 114.093 80.7468 62.4005 41.9847
internal_count=4292 2170 1618 2122 1912 1377 1265 250 1165 210 552 1662 241 1053 766 467 363 451 1498 263 1397 604 380 249 316 299 793 287 213 224 636 457 354 238
is_linear=0
shrinkage=0.05


Tree=10
num_leaves=35
num_cat=0
split_feature=0 18 29 9 49 12 77 13 56 40 14 10 40 2 0 10 32 27 107 27 15 33 46 16 33 0 0 35 2 38 0 38 107 16
split_gain=274.758 241.306 128.503 120.269 89.3805 48.4376 26.1987 21.5828 19.9149 19.8689 19.5285 14.1624 17.1411 12.9277 11.995 8.62049 6.95826 5.28281 4.33105 6.77936 3.39247 2.80318 1.98126 1.73531 1.33369 0.809305 0.332375 0.275784 0.0939895 0.0836866 0.0386047 0.00583736 0.00522101 8.04024e-05
threshold=1268378496.0000002 6708.0000000000009 2415919168.0000005 2.5000000000000004 1610612800.0000002 73.500000000000014 1.0000000180025095e-35 55734.000000000007 4.5180017948150644 5.8599154949188241 214.00000000000003 1.0000000180025095e-35 3.3882687091827397 10.500000000000002 1504554624.0000002 28848.000000000004 48384.000000000007 86272.000000000015 155780.00000000003 119040.00000000001 403456.00000000006 13772.000000000002 3.3800082206726079 1058.0000000000002 2962.0000000000005 1309608704.0000002 1144157440.0000002 5.251904010772706 13.500000000000002 770.00000000000011 1218172928.0000002 4230.0000000000009 23560.000000000004 4538.0000000000009
decision_type=2 2 2 2 2 2 2 2 2 2 2 2 2 2 2 2 2 2 2 2 2 2 2 2 2 2 2 2 2 2 2 2 2 2
left_child=2 3 4 5 9 6 11 -5 -6 15 -4 21 13 17 -3 18 -14 -13 23 -20 28 24 -21 -1 -2 -26 -24 29 -16 30 32 -31 33 -25
right_child=1 14 10 7 8 -7 -8 -9 -10 -11 -12 12 16 -15 20 -17 -18 -19 19 22 -22 -23 26 27 25 -27 -28 -29 -30 31 -32 -33 -34 -35
leaf_value=-0.050151499737901922 0.074492040964309447 -0.013349019507238963 0.073899215204071153 -0.059057612748561798 -0.0192741379422285 -0.0079740570135148781 0.014716780684440538 0.0053129133102856607 0.034097517593722447 -0.0048287328919160493 0.013390693248278962 0.041943395422064496 0.057340947964299616 0.019016055439823813 -0.067780900064524988 -0.030327338576479318 0.088572358896239184 0.073658477503022526 -0.026156833742558047 -0.044773518926510325 -0.042192479844283433 0.066858936413045689 -0.058332063876774726 -0.06398984835675102 0.081595769844056781 0.093955979664433212 -0.067373200200837577 -0.05787117949241502 -0.063223017691883751 -0.067070794916746154 -0.06183678611623649 -0.065817949873445261 -0.064918342955115421 -0.063843648059451377
leaf_weight=29.167971894145012 27.203737631440163 19.860420346260071 27.560370340943336 26.172175645828247 29.753984272480011 28.316101536154747 28.533629968762398 25.916566029191017 42.363507568836212 22.934500649571419 25.833397269248962 27.354075893759727 33.899964064359665 38.424000486731529 22.445229485630989 36.198208957910538 37.632179751992226 25.25102487206459 26.180709555745125 23.45966200530529 23.887137189507484 36.976349875330925 19.621414005756378 18.937745720148087 25.145624428987503 27.979267179965973 21.093130052089691 18.235293447971344 22.800730556249619 18.492090001702309 22.906443133950233 18.698649823665619 19.921088069677353 18.680020317435265
leaf_count=156 111 97 111 140 139 123 116 120 176 109 107 112 141 161 117 168 155 103 135 122 121 152 108 111 105 114 114 100 127 100 134 103 114 110
internal_value=0.000420046 0.0266734 -0.0280862 0.0436733 -0.038127 0.0546109 0.0603572 -0.0270303 0.0120776 -0.0496384 0.0446235 0.0650105 0.0554559 0.0410632 -0.0475974 -0.0531628 0.0737714 0.057167 -0.0563994 -0.0475995 -0.0574363 0.0782512 -0.0563473 -0.0612171 0.0834952 0.0881055 -0.063016 -0.0635926 -0.0654841 -0.0644795 -0.0635728 -0.0664409 -0.0642638 -0.0639172
internal_weight=917.836 477.798 440.038 388.805 386.644 336.716 308.4 52.0887 72.1175 314.527 53.3938 279.866 162.561 91.0291 88.9935 291.592 71.5321 52.6051 255.394 90.3549 69.1331 117.305 64.1742 165.039 80.3286 53.1249 40.7145 135.871 45.246 117.636 80.4453 37.1907 57.5389 37.6178
internal_count=4332 2115 2217 1653 1999 1393 1270 260 315 1684 218 1154 672 376 462 1575 296 215 1407 479 365 482 344 928 330 219 222 772 244 672 469 203 335 221
is_linear=0
shrinkage=0.05


Tree=11
num_leaves=35
num_cat=0
split_feature=0 18 29 9 49 12 30 77 13 65 40 14 16 40 26 2 0 10 0 107 23 19 33 97 15 20 16 26 40 14 2 42 0 5
split_gain=251.754 220.307 118.066 109.062 83.7296 44.1277 32.5992 24.0827 20.3215 19.9835 19.4021 17.8436 14.2155 20.9628 19.6444 12.1841 11.5213 8.52756 6.87057 4.67232 6.80417 9.79508 4.09553 3.65129 3.37662 1.69367 1.4456 0.3186 0.105796 0.0933284 0.0854108 0.0440335 6.38907e-05 2.06864e-05
threshold=1268378496.0000002 6708.0000000000009 2415919168.0000005 2.5000000000000004 1610612800.0000002 73.500000000000014 6.5993704795837411 1.0000000180025095e-35 55734.000000000007 1.0000000180025095e-35 6.0745739936828622 214.00000000000003 954.00000000000011 3.6207339763641362 155809.50000000003 10.500000000000002 1504554624.0000002 28848.000000000004 1504339072.0000002 114944.00000000001 494.00000000000006 131792.00000000003 5165.0000000000009 1.0000000180025095e-35 403456.00000000006 12916.000000000002 1022.0000000000001 88650.000000000015 3.4549404382705693 190.50000000000003 13.500000000000002 4698.5000000000009 1201299584.0000002 5.5000000000000009
decision_type=2 2 2 2 2 2 2 2 2 2 2 2 2 2 2 2 2 2 2 2 2 2 2 2 2 2 2 2 2 2 2 2 2 2
left_child=2 3 4 5 10 7 9 12 -5 -6 17 -4 27 14 -14 18 -3 19 -16 26 21 -21 -15 29 30 -24 -1 -2 31 -22 -18 32 33 -28
right_child=1 16 11 8 6 -7 -8 -9 -10 -11 -12 -13 13 22 15 -17 24 -19 -20 20 23 -23 25 -25 -26 -27 28 -29 -30 -31 -32 -33 -34 -35
leaf_value=-0.049434129147136144 0.078205202842542468 -0.012753283969407586 0.070566409769993524 -0.057868465860967326 -0.044303987620271032 -0.0075876402556688365 0.059432777539869613 0.013969950030870549 0.0050374373190846455 0.020000756319497562 0.00022949512960511833 0.01269106203747275 0.0033673755296331365 0.054923797022708221 0.048510679736000969 0.028241228273565368 -0.066623032051146461 -0.029300282026109754 0.084567767339598046 -0.0057988423791839987 -0.067323971342861361 -0.055787551794602985 0.072073807639086426 -0.040607023179944191 -0.04087754251723337 0.08743898301012587 -0.06305217885962372 0.085102858063594994 -0.059795129125664565 -0.062707385619542297 -0.062204336520473663 -0.065344090895210954 -0.063113750374075295 -0.062985131250195003
leaf_weight=23.252389997243881 29.89258186519146 19.751584678888321 27.422225221991539 25.394297242164612 24.124116688966751 28.271422743797302 23.75717905163765 28.555490985512733 25.965839177370071 24.202581703662872 19.215854465961456 25.893073961138725 26.557150527834892 24.7066959887743 25.286171078681946 31.920935198664665 21.712135374546051 37.118219822645187 27.666744127869606 19.846661388874054 23.351918593049049 19.357474565505981 43.297235488891602 23.098336577415466 23.43440505862236 30.616995468735695 18.875620022416115 38.051389917731285 20.703393131494522 20.608937382698059 22.034854844212532 29.496437087655067 22.220070570707321 29.45857609808445
leaf_count=127 126 97 111 140 113 123 100 116 120 102 91 107 110 101 103 133 117 174 115 101 125 106 179 127 121 127 115 160 119 117 127 167 135 180
internal_value=0.000391296 0.0255892 -0.0272047 0.0417773 -0.0370125 0.0521841 0.0114759 0.0576965 -0.0260655 -0.0120994 -0.0484124 0.0424587 0.062188 0.0557575 0.0408978 0.0526411 -0.0463234 -0.0516648 0.0673497 -0.0549817 -0.0470287 -0.0304813 0.0725475 -0.0567026 -0.0561931 0.0784384 -0.0608503 0.0820682 -0.0630486 -0.0651597 -0.0643974 -0.0637218 -0.0630436 -0.0630113
internal_weight=905.119 473.116 432.003 386.183 378.688 334.823 72.0839 306.551 51.3601 48.3267 306.604 53.3153 277.996 210.052 111.431 84.8739 86.933 287.388 52.9529 250.27 106.263 39.2041 98.6209 67.0592 67.1814 73.9142 144.006 67.944 120.754 43.9609 43.747 100.051 70.5543 48.3342
internal_count=4332 2115 2217 1653 1999 1393 315 1270 260 215 1684 218 1154 868 461 351 462 1593 218 1419 576 207 407 369 365 306 843 286 716 242 244 597 430 295
is_linear=0
shrinkage=0.05


Tree=12
num_leaves=35
num_cat=0
split_feature=0 18 9 45 12 34 35 14 77 65 40 24 16 37 48 0 25 2 101 27 107 23 6 46 28 21 16 14 26 23 21 27 3 0
split_gain=230.966 201.474 99.1612 80.6924 40.3648 33.6791 31.0405 30.2708 22.2761 22.106 20.5878 17.0757 13.7586 19.6531 11.4042 11.0789 9.58942 9.24485 5.98682 5.94417 5.37701 7.47779 3.52288 3.14221 3.05429 1.39401 1.47407 0.70335 0.292504 0.149036 0.106974 0.048262 0.0504187 0.0106893
threshold=1268378496.0000002 6708.0000000000009 2.5000000000000004 2684354560.0000005 73.500000000000014 2684354560.0000005 5.8610844612121591 750.00000000000011 1.0000000180025095e-35 1.0000000180025095e-35 5.9088387489318857 1.0000000180025095e-35 954.00000000000011 2032.5000000000002 8484.0000000000018 1504554624.0000002 146944.00000000003 8.5000000000000018 1.0000000180025095e-35 24832.000000000004 98560.000000000015 450.00000000000006 1.0000000180025095e-35 1.6041238307952883 366373.00000000006 5176.0000000000009 30124.000000000004 190.50000000000003 88650.000000000015 398.00000000000006 4248.0000000000009 8256.0000000000018 1.0000000180025095e-35 1120855488.0000002
decision_type=2 2 2 2 2 2 2 2 2 2 2 2 2 2 2 2 2 2 2 2 2 2 2 2 2 2 2 2 2 2 2 2 2 2
left_child=3 2 4 6 8 19 10 -7 12 -9 14 -4 28 17 20 -3 -15 -14 23 -5 22 -22 30 -18 29 26 -23 -25 -2 -17 31 32 -1 -33
right_child=1 15 11 5 -6 7 -8 9 -10 -11 -12 -13 13 16 -16 24 18 -19 -20 -21 21 25 -24 27 -26 -27 -28 -29 -30 -31 -32 33 -34 -35
leaf_value=-0.063273246833484134 0.075670072792225374 -0.012181907225569629 0.0074640407085134492 -0.011783494980959224 -0.00721956887269979 0.071905551252633079 0.005944480913599815 -0.024426846479757545 0.013262859974497788 0.0355697471785189 0.0048132200590734527 -0.050996902076656241 0.052283148929283055 0.035202552468148227 -0.014869192007083818 -0.058809879783401423 0.061983922691879446 0.012154497543017596 0.046421421243928167 -0.050542144893602529 -0.026091205203947622 -0.059928303437824459 -0.043782739228348244 0.085334645994631586 -0.039192716378312162 -0.066799978255831685 -0.039868502259177645 0.074886458785305587 0.082338471931250601 -0.064737727975603468 -0.066704335206997922 -0.064991067566206748 -0.060030313622216093 -0.063296676692696396
leaf_weight=25.719048246741295 29.362721741199493 19.6468455940485 22.397900775074959 20.071217119693756 28.228258684277534 24.457168102264404 32.08872289955616 30.1425461769104 28.573505431413651 31.291374042630196 18.471244484186172 28.238745510578156 24.623959332704544 25.759027361869812 21.235953450202942 17.464690998196602 34.654500305652618 34.408110186457634 24.198578029870987 19.505735009908676 36.066093564033508 18.17315748333931 28.292929604649544 35.721778810024261 20.793466374278069 18.037502184510231 18.461565211415291 29.335336700081825 37.379337027668953 26.988514959812164 22.181332215666771 18.949905022978783 22.445373743772507 18.294289320707321
leaf_count=158 126 97 107 102 123 106 146 133 116 127 86 153 101 106 112 101 144 143 99 106 186 99 167 149 109 100 102 126 160 155 123 111 142 111
internal_value=0.000365006 0.0245892 0.0400405 -0.0263674 0.0499743 0.00727655 -0.0405129 0.0248611 0.0552848 0.00613243 -0.0461103 -0.0251381 0.059644 0.0533245 -0.0499054 -0.0450984 0.0629606 0.0288933 0.0687311 -0.0308859 -0.0531885 -0.0437636 -0.0594822 0.0741453 -0.0550101 -0.0554217 -0.0498194 0.0806234 0.0794048 -0.0624088 -0.0636106 -0.0628072 -0.061762 -0.0641588
internal_weight=891.66 467.775 382.882 423.885 332.245 125.468 298.417 85.8911 304.017 61.4339 266.328 50.6366 275.443 208.701 247.857 84.8935 149.669 59.0321 123.91 39.577 226.621 90.7383 135.883 99.7116 65.2467 54.6722 36.6347 65.0571 66.7421 44.4532 107.59 85.4086 48.1644 37.2442
internal_count=4332 2115 1653 2217 1393 574 1643 366 1270 260 1497 260 1154 868 1411 462 624 244 518 208 1299 487 812 419 365 301 201 275 286 256 645 522 300 222
is_linear=0
shrinkage=0.05


Tree=13
num_leaves=35
num_cat=0
split_feature=0 18 9 34 39 13 7 67 5 13 0 11 79 107 100 0 30 35 24 27 26 38 15 33 38 25 4 13 2 2 46 35 0 10
split_gain=211.883 178.355 92.8112 82.3403 55.3158 61.8568 48.8864 30.8134 28.7032 17.1722 13.5607 13.2007 12.9843 12.0366 11.1666 10.1126 8.22776 7.69478 5.12762 5.0479 3.4044 8.58411 3.27422 1.95808 1.32908 1.03054 3.99935 0.487784 0.257679 0.0826472 0.0286198 0.0105848 0.000111784 5.70723e-05
threshold=1259795392.0000002 6708.0000000000009 2.5000000000000004 1073742016.0000002 2684354560.0000005 553346.00000000012 5.5000000000000009 1.0000000180025095e-35 2.0000000000000004 55734.000000000007 1500883776.0000002 4866.0000000000009 1.0000000180025095e-35 102852.00000000001 1.0000000180025095e-35 958787296.00000012 6.6133115291595468 0.54675593972206127 1.0000000180025095e-35 51968.000000000007 155809.50000000003 1808.0000000000002 403456.00000000006 42384.000000000007 21382.000000000004 23702.500000000004 576.00000000000011 389354.00000000006 9.5000000000000018 13.500000000000002 3.6420004367828374 4.1349642276763925 1200329152.0000002 1312.0000000000002
decision_type=2 2 2 2 2 2 2 2 2 2 2 2 2 2 2 2 2 2 2 2 2 2 2 2 2 2 2 2 2 2 2 2 2 2
left_child=3 2 6 13 11 8 7 12 -6 -4 -3 14 17 25 -5 -10 19 -2 20 -15 21 -19 29 -21 27 26 32 28 -22 -12 31 -27 33 -1
right_child=1 10 9 4 5 -7 -8 -9 15 -11 22 -13 -14 16 -16 -17 -18 18 -20 23 24 -23 -24 -25 -26 30 -28 -29 -30 -31 -32 -33 -34 -35
leaf_value=-0.061607255689151791 0.039146503560318416 -0.0068779340858371868 -0.056205396885545905 -0.03853405677591358 -0.0016678487040299968 -0.049148145007427674 -0.023440272560779317 0.0042602637527432543 0.08271496305643064 0.0014673425745171987 -0.0648930826975814 -0.060825800727389995 0.031069522725469534 -0.022268196978176349 0.0091618823901302854 0.040222519477924934 -0.0055010619198854124 0.077545867490841816 0.049462250458794405 -0.043432913144400863 0.077692647726355396 0.037168453672103072 -0.039237442390210597 -0.063624207221562409 0.065502434051884786 -0.062243660238883072 -0.03287287841660997 0.082149588076831967 0.070248610747088255 -0.060447548921938182 -0.065594633096252616 -0.063960837915247024 -0.061700868636457434 -0.061476559821387659
leaf_weight=15.888246968388556 35.664681553840637 19.607245534658432 24.478789418935776 29.196798503398895 25.802860409021378 24.112272769212723 23.628017514944077 31.697969555854797 28.805152788758278 27.303063556551933 20.931108564138412 29.017622575163841 43.739473387598991 22.22680202126503 21.168862387537956 27.24498824775219 19.212231189012527 27.013207584619522 45.85030110180378 33.196612909436226 22.783178463578224 25.673262044787407 23.157658919692039 18.811294034123421 36.981166377663612 18.111783489584923 16.108109459280968 29.078541234135628 23.737398132681847 20.888581648468971 16.805066347122192 17.787728980183601 15.519405499100683 17.612462684512138
leaf_count=104 150 97 142 152 111 105 106 131 119 127 120 166 179 118 99 119 101 117 189 188 98 108 124 113 157 117 96 123 104 129 98 108 101 116
internal_value=0.000341978 0.0226076 0.0366325 -0.0267282 -0.00240506 0.0212369 0.0459796 0.0510701 0.0419709 -0.0257962 -0.0433229 -0.0339636 0.0561774 -0.048066 -0.0184873 0.0620601 -0.0346648 0.0606275 0.0642563 -0.0422125 0.0683607 0.0578706 -0.0543204 -0.0507361 0.0732699 -0.0586938 -0.0544874 0.0770696 0.0738943 -0.0626726 -0.0638917 -0.0630945 -0.0615899 -0.0615385
internal_weight=878.842 482.214 397.629 396.628 185.349 105.965 345.847 322.219 81.853 51.7819 84.5846 79.3833 290.521 211.28 50.3657 56.0501 93.4469 246.782 211.117 74.2347 165.267 52.6865 64.9773 52.0079 112.58 117.833 65.1282 75.5991 46.5206 41.8197 52.7046 35.8995 49.0201 33.5007
internal_count=4332 2201 1731 2131 871 454 1462 1356 349 269 470 417 1225 1260 251 238 520 1046 896 419 707 225 373 301 482 740 417 325 202 249 323 225 321 220
is_linear=0
shrinkage=0.05


Tree=14
num_leaves=36
num_cat=0
split_feature=0 18 29 9 49 7 30 104 40 13 65 36 95 0 46 16 0 10 25 107 23 19 97 15 16 26 103 50 44 23 22 42 6 30 0
split_gain=195.437 169.238 98.5228 82.2183 71.0955 46.4599 29.0917 25.0973 20.3139 17.9356 16.0519 14.3297 13.3055 10.9485 10.0664 9.18019 11.7091 8.21801 5.78086 4.41401 6.75895 9.44464 3.66097 3.3547 1.62528 0.694878 0.707837 0.155256 0.129526 0.085914 0.0695384 0.0310964 0.000259772 5.23309e-05 1.74589e-06
threshold=1268378496.0000002 6708.0000000000009 2415919168.0000005 2.5000000000000004 1610612800.0000002 5.5000000000000009 6.5993704795837411 1.0000000180025095e-35 6.2816839218139657 55734.000000000007 1.0000000180025095e-35 20527.000000000004 1.0000000180025095e-35 1502768000.0000002 1.0000000180025095e-35 1346.0000000000002 1524214464.0000002 28848.000000000004 146944.00000000003 114944.00000000001 494.00000000000006 131792.00000000003 1.0000000180025095e-35 403456.00000000006 1022.0000000000001 384024.00000000006 1.0000000180025095e-35 6.1150715351104745 4612.0000000000009 1074.0000000000002 41.000000000000007 6254.5000000000009 1.0000000180025095e-35 4.0734848976135263 1000577632.0000001
decision_type=2 2 2 2 2 2 2 2 2 2 2 2 2 2 2 2 2 2 2 2 2 2 2 2 2 2 2 2 2 2 2 2 2 2 2
left_child=2 3 4 5 8 7 10 12 17 -5 -6 -4 14 -3 15 -2 -17 19 -16 24 21 -21 29 30 -1 -20 27 -27 31 -22 -15 32 33 34 -26
right_child=1 13 11 9 6 -7 -8 -9 -10 -11 -12 -13 -14 23 18 16 -18 -19 25 20 22 -23 -24 -25 28 26 -28 -29 -30 -31 -32 -33 -34 -35 -36
leaf_value=-0.045729675246571233 0.073659075948375549 -0.0094414071578993834 0.011912694825215106 -0.055016637222747293 -0.041661603144707363 -0.022051264205385945 0.055598061861862648 0.015979666606249037 0.0068972820742898211 0.0054155389707623396 0.016501910887898479 0.063958644710974233 0.030050310916983014 -0.063629095185289627 0.053900119778949207 0.014726737894511744 0.058527216528855112 -0.026573089163305159 0.069226478261450633 -0.0032813250072476598 -0.064933681865804838 -0.053435036958157801 -0.037889379719374033 -0.037400501682601242 -0.06080334542712959 0.078417681180212417 0.085869990447259015 0.072701114910512107 -0.05661487200694755 -0.060289433065292997 -0.059439809599341732 -0.062848068505703444 -0.061063909770246477 -0.060900432821921306 -0.060779578118597521
leaf_weight=21.395338550209999 25.824494048953056 18.886504292488098 25.542362347245216 23.365468338131905 23.38740374147892 23.25471119582653 23.777199938893318 43.162034913897514 17.440528213977814 25.873452410101891 24.071243688464165 27.425580888986588 38.558108821511269 20.822236150503159 37.742491781711578 28.56832118332386 32.749856323003769 36.007845997810364 22.182648554444313 19.357873186469078 25.013530686497688 18.22372017800808 22.076565250754356 22.29326668381691 14.900689363479616 24.700918972492218 26.463373467326164 22.87811753153801 15.793624758720396 16.544460028409958 18.894150018692017 29.666706815361977 15.724301815032957 16.894279181957245 16.048952892422676
leaf_count=127 112 94 105 140 113 105 100 178 83 120 102 113 159 125 164 117 137 174 98 101 145 106 129 122 102 108 113 102 98 102 121 186 106 115 110
internal_value=0.000319024 0.0228233 -0.0247656 0.0369615 -0.0342237 0.0460552 0.0104558 0.0512851 -0.0453879 -0.0232615 -0.0121608 0.0388609 0.0571536 -0.0427716 0.06188 0.0486522 0.0381204 -0.0487949 0.0704843 -0.0522492 -0.0444143 -0.0276014 -0.0543438 -0.0529231 -0.0583296 0.0769892 0.0793149 0.0756689 -0.0608021 -0.0630848 -0.0616361 -0.0615114 -0.0608876 -0.0608297 -0.060791
internal_weight=865.512 456.22 409.292 375.324 356.324 326.085 71.2358 302.83 285.088 49.2389 47.4586 52.9679 259.668 80.8962 221.11 87.1427 61.3182 267.648 133.968 231.64 101.216 37.5816 63.6346 62.0097 130.424 96.2251 74.0424 47.579 109.029 41.558 39.7164 93.2349 63.5682 47.8439 30.9496
internal_count=4332 2115 2217 1653 1999 1393 315 1288 1684 260 215 218 1110 462 951 366 254 1601 585 1427 583 207 376 368 844 421 323 210 717 247 246 619 433 327 212
is_linear=0
shrinkage=0.05


Tree=15
num_leaves=32
num_cat=0
split_feature=0 18 29 1 56 9 23 0 16 107 38 23 47 108 48 14 44 26 16 23 25 14 16 6 27 37 13 16 107 107 16
split_gain=171.872 158.474 85.9582 78.4536 75.7503 44.6103 26.4404 16.7321 14.9136 12.148 11.2464 14.1226 18.2912 7.99777 15.0285 6.31992 4.78683 4.54886 2.96277 2.90756 5.32807 2.62324 2.06971 1.37702 0.766887 0.409221 0.985649 0.386947 0.0211439 0.00420333 0.000933588
threshold=1259795392.0000002 6076.0000000000009 2415919168.0000005 1.0000000180025095e-35 4.5499830245971689 2.5000000000000004 1030.0000000000002 1460151936.0000002 5194.0000000000009 2035128.0000000002 4094.0000000000005 362.00000000000006 46229.000000000007 1.0000000180025095e-35 11779.000000000002 521.50000000000011 6573.0000000000009 649686.00000000012 18956.000000000004 1210.0000000000002 176896.00000000003 123.50000000000001 1224.5000000000002 1.0000000180025095e-35 22784.000000000004 576.00000000000011 8738.0000000000018 1346.0000000000002 80724.000000000015 20112.000000000004 3082.0000000000005
decision_type=2 2 2 2 2 2 2 2 2 2 2 2 2 2 2 2 2 2 2 2 2 2 2 2 2 2 2 2 2 2 2
left_child=2 3 4 -2 10 6 9 -3 -4 13 16 12 -12 15 -15 18 23 27 21 20 -13 22 -5 25 -23 26 29 -9 -27 30 -1
right_child=1 7 8 5 -6 -7 -8 17 -10 -11 11 19 -14 14 -16 -17 -18 -19 -20 -21 -22 24 -24 -25 -26 28 -28 -29 -30 -31 -32
leaf_value=-0.060699460223004702 -0.032101673249499772 0.0046447015739551189 0.063746343812812731 0.073918380292885374 0.025285749776223578 -0.012026513497830283 0.004313259464415852 -0.053506505290486339 0.0095672369190744014 0.021286587688093359 0.025207091085193346 -0.053151762641909267 -0.042277373884933314 0.021971963248039385 0.070391022899843531 0.039897208463978692 -0.028107498757448935 -0.034459103032320866 0.055361234964041474 -0.057960806038183613 -0.024811228673653068 0.073286276420898952 0.055946282749009896 -0.046334003812344406 0.086193914249806394 -0.062353864038272679 -0.046935396436725285 -0.063335249381566136 -0.064682093799629123 -0.061422510501998109 -0.060159856750002717
leaf_weight=14.56615801155567 39.217132210731506 18.105944976210594 24.447321087121964 29.425847411155701 45.859625369310379 33.647457003593445 30.290831252932549 16.103159368038177 26.437062129378319 26.384886190295219 19.945879369974136 32.215840399265289 20.219798400998116 38.614712312817574 27.395663619041443 26.6596360206604 16.316730558872223 31.076354146003723 44.537091955542564 27.2434141933918 34.178928315639496 22.961272209882736 35.16209664940834 25.139990419149399 23.068648084998131 22.386612981557846 17.897617980837822 26.480755195021629 17.277656212449074 14.677068218588827 17.824789121747017
leaf_count=101 190 87 101 132 197 175 125 101 109 109 98 193 120 165 122 116 94 173 192 168 194 104 149 164 97 144 95 164 100 99 127
internal_value=0.000315979 0.0205117 -0.0248396 0.0348422 -0.0342803 0.0426061 0.0486431 -0.0384189 0.0355975 0.05354 -0.0440401 -0.0335675 -0.00876525 0.0569739 0.0420669 0.0623861 -0.0536321 -0.0490041 0.0662502 -0.0442063 -0.0385625 0.0706344 0.0641343 -0.0568415 0.0797552 -0.0593662 -0.0569228 -0.0596185 -0.063368 -0.0607206 -0.0604025
internal_weight=845.766 469.131 376.634 377.365 325.75 338.148 304.501 91.7662 50.8844 274.21 279.89 133.804 40.1657 247.825 66.0104 181.815 146.087 73.6603 155.155 93.6382 66.3948 110.618 64.5879 129.77 46.0299 104.63 64.9656 42.5839 39.6643 47.068 32.3909
internal_count=4305 2201 2104 1676 1894 1486 1311 525 210 1186 1697 773 218 1077 287 790 924 438 674 555 387 482 281 830 201 666 422 265 244 327 228
is_linear=0
shrinkage=0.05


Tree=16
num_leaves=32
num_cat=0
split_feature=0 18 34 1 11 9 44 23 13 29 0 85 74 38 107 43 21 94 19 33 26 25 15 2 21 28 29 16 29 0 26
split_gain=157.898 145.112 80.965 71.6014 46.4437 40.8544 30.4507 24.5057 24.1764 18.4695 15.846 12.0003 11.1828 8.2752 7.95893 7.61123 7.78954 7.30958 10.0843 6.46822 4.5222 1.94481 1.82284 3.59003 1.67065 1.57686 4.93919 0.386515 0.0486132 0.0483659 0.000129196
threshold=1259795392.0000002 6076.0000000000009 1073742016.0000002 1.0000000180025095e-35 4326.0000000000009 2.5000000000000004 2427.0000000000005 1030.0000000000002 461086.00000000006 2415919168.0000005 1460151936.0000002 1.0000000180025095e-35 1.0000000180025095e-35 3658.0000000000005 102852.00000000001 566.00000000000011 2824.0000000000005 1.0000000180025095e-35 92160.000000000015 5037.0000000000009 649686.00000000012 233728.00000000003 374784.00000000006 6.5000000000000009 4296.0000000000009 8191.0000000000009 1342177280.0000002 1346.0000000000002 1342177280.0000002 1120855488.0000002 4100.0000000000009
decision_type=2 2 2 2 2 2 2 2 2 2 2 2 2 2 2 2 2 2 2 2 2 2 2 2 2 2 2 2 2 2 2
left_child=2 3 14 -2 6 7 9 11 -8 13 -3 12 15 -4 25 16 19 18 -16 -5 27 -19 23 -17 -6 26 30 -12 -27 -30 -1
right_child=1 10 4 5 24 -7 8 -9 -10 -11 20 -13 -14 -15 17 22 -18 21 -20 -21 -22 -23 -24 -25 -26 28 -28 -29 29 -31 -32
leaf_value=-0.059770615552311314 -0.030795842959727694 0.0044044036426976896 -0.047934629661379582 0.069277418820081357 -0.040707274293700788 -0.011487918986837396 0.057882623055991692 0.0040968061786803029 -0.0041285276772046178 0.027209576279350875 -0.052540310627270749 0.017738834340579223 0.021937513240944648 -0.0070595456442291878 0.0049607833303382436 0.073389062907804392 0.024993287788805031 -0.03766428377768391 -0.04300779553468824 0.04128713366419913 -0.033337116252834288 -0.058874592197786624 0.077400604498118447 0.052500574698580438 -0.062625442036573845 -0.059718431248639431 -0.024793599998513355 -0.062533285903430866 -0.064944504978242543 -0.061251271106815712 -0.05957350690950506
leaf_weight=13.802538052201269 38.845679804682732 18.138236537575722 24.063784494996071 44.490597859025002 17.659528031945229 33.468403279781342 45.729832664132118 30.296525821089745 23.949497699737549 23.126274853944778 15.592340201139448 23.971841245889664 23.439519882202148 25.507438167929649 20.128983497619629 42.699355214834213 26.140258818864822 18.738773658871651 24.043936863541603 38.501699924468994 30.530239045619965 25.534136608242989 31.919599428772926 39.68866802752018 17.124433636665344 18.65956637263298 14.369476974010466 25.504087805747986 15.724666044116018 20.320190504193306 20.904142126441002
leaf_count=101 190 87 130 196 96 175 199 125 102 95 101 98 97 122 110 197 111 111 145 164 173 161 143 180 110 137 93 164 100 137 155
internal_value=0.000295801 0.0197396 -0.0240875 0.0334596 0.000296266 0.040919 0.01295 0.0467433 0.0365688 -0.00968814 -0.0373418 0.0515136 0.0547931 -0.0269019 -0.0465602 0.0582397 0.0487952 -0.0355394 -0.0211492 0.0562922 -0.0479133 -0.0498972 0.0672566 0.0633265 -0.0514978 -0.0559525 -0.0494454 -0.0587419 -0.06179 -0.0628625 -0.0596519
internal_weight=832.614 463.227 369.387 373.462 177.161 334.616 142.377 301.148 69.6793 72.6975 89.7649 270.852 246.88 49.5712 192.226 223.44 109.133 88.4458 44.1729 82.9923 71.6267 44.2729 114.308 82.388 34.784 103.781 49.0762 41.0964 54.7044 36.0449 34.7067
internal_count=4305 2201 2104 1676 854 1486 648 1311 301 347 525 1186 1088 252 1250 991 471 527 255 360 438 272 520 377 206 723 349 265 374 237 256
is_linear=0
shrinkage=0.05


Tree=17
num_leaves=35
num_cat=0
split_feature=0 108 34 30 11 9 64 28 44 10 17 0 28 35 78 86 107 30 107 32 91 17 16 60 38 0 43 21 28 30 37 29 0 0
split_gain=145.106 107.541 76.1512 58.949 42.9088 40.4698 33.7988 28.1514 41.072 20.1758 18.7992 19.4654 16.6557 13.7991 12.5354 10.3823 7.94056 7.67077 7.56181 7.2292 9.61242 4.57839 3.18775 3.00292 2.05926 2.52551 1.9628 1.71808 1.56285 5.29079 1.27099 0.0418263 0.0426614 0.00645009
threshold=1259795392.0000002 1.0000000180025095e-35 1073742016.0000002 6.5898008346557626 4326.0000000000009 2.5000000000000004 1.0000000180025095e-35 540827.00000000012 2427.0000000000005 28848.000000000004 4352.0000000000009 1524890176.0000002 1035595.5000000001 4.4567191600799569 1.0000000180025095e-35 1.0000000180025095e-35 102852.00000000001 6.5993704795837411 86520.000000000015 39680.000000000007 1.0000000180025095e-35 282624.00000000006 14540.000000000002 1.0000000180025095e-35 17658.000000000004 1489607488.0000002 1472.0000000000002 4296.0000000000009 8191.0000000000009 4.4506406784057626 37120.000000000007 1342177280.0000002 1120855488.0000002 1003217792.0000001
decision_type=2 2 2 2 2 2 2 2 2 2 2 2 2 2 2 2 2 2 2 2 2 2 2 2 2 2 2 2 2 2 2 2 2 2
left_child=2 5 16 9 7 6 12 8 13 23 11 -11 15 -4 -5 18 28 -10 -2 20 22 -16 -18 -3 25 26 -20 -6 29 33 -26 -30 -33 -1
right_child=1 3 4 14 27 -7 -8 -9 17 10 -12 -13 -14 -15 21 -17 19 -19 24 -21 -22 -23 -24 -25 30 -27 -28 -29 31 -31 -32 32 -34 -35
leaf_value=-0.05904124108304816 0.041217642501760465 -0.042275975476227322 -0.023776401162331259 -0.00069579921033369402 -0.039340638852815663 -0.023941422211730495 -0.0009339058674785977 -0.039086132185939093 0.036534521901304622 -0.028807972356023833 -0.046986227721012797 0.035599491868479112 0.014703015833813319 0.024930296239903896 0.06058257543081394 0.027565883982073214 -0.025786528183398928 0.07355269478386231 0.044292906872914033 -0.05511151766081105 0.0031848654194367408 0.027276774264107351 -0.054969733387135344 -0.067742414655026603 0.083817100528563684 0.07332141957784076 0.06505748594162257 -0.061878096702533351 -0.059155134261200532 -0.023315753241423019 0.067837309696166956 -0.064122112445741009 -0.060586345731775904 -0.060462087089930311
leaf_weight=19.5742377191782 33.586112767457962 20.885137110948563 39.710943326354027 23.742029085755348 17.366896197199821 23.195203676819801 34.279645875096321 22.412002697587013 31.938519671559334 22.513813212513924 28.024886414408684 24.493150651454926 25.549095898866653 22.943247467279434 21.880190536379814 24.730640739202499 20.075700342655182 24.907901540398598 21.665707543492317 28.534249112010002 20.47875240445137 19.527200445532799 17.52691562473774 25.969308167695999 24.874673306941986 33.224167764186859 23.974029421806335 16.480994641780853 17.914251983165741 14.407186120748518 24.898868039250374 15.144722178578375 19.53590202331543 13.493868276476858
leaf_count=151 149 116 199 111 96 128 156 102 142 109 171 110 111 102 98 107 115 103 96 186 119 102 107 147 111 151 114 110 137 97 114 100 137 101
internal_value=0.000277149 0.0190144 -0.0233489 -0.0101259 0.000271191 0.0392022 0.0451371 0.0123365 0.0219806 -0.0306481 -0.0145727 0.00475177 0.052569 -0.00594057 0.0282685 0.0577437 -0.0455867 0.0527545 0.0623442 -0.0345027 -0.024378 0.044876 -0.0393891 -0.0563909 0.0678602 0.0628345 0.0552003 -0.0503144 -0.0551804 -0.0486036 0.0758233 -0.061117 -0.0621304 -0.059621
internal_weight=819.46 457.014 362.446 187.036 175.761 269.978 246.783 141.913 119.501 121.886 75.0319 47.007 212.503 62.6542 65.1494 186.954 186.686 56.8464 162.224 86.6156 58.0814 41.4074 37.6026 46.8544 128.637 78.8639 45.6397 33.8479 100.07 47.4753 49.7735 52.5949 34.6806 33.0681
internal_count=4305 2201 2104 964 854 1237 1109 648 546 653 390 219 953 301 311 842 1250 245 735 527 341 200 222 263 586 361 210 206 723 349 225 374 237 252
is_linear=0
shrinkage=0.05


Tree=18
num_leaves=33
num_cat=0
split_feature=0 18 34 1 11 66 9 28 44 107 0 35 108 0 107 94 19 30 28 26 35 26 16 25 20 28 30 40 16 0 30 0
split_gain=133.214 125.91 71.6013 62.3381 39.659 36.8591 29.1996 25.5434 37.0171 16.8075 14.4951 12.5136 8.58063 14.9196 7.93238 7.16151 9.47107 7.01224 5.71801 4.52951 2.5624 3.64835 2.09269 1.91208 1.7873 1.55683 5.25401 1.00563 0.411451 0.0364388 0.00609723 0.00573877
threshold=1259795392.0000002 6076.0000000000009 1073742016.0000002 1.0000000180025095e-35 4326.0000000000009 1.0000000180025095e-35 2.5000000000000004 540827.00000000012 2427.0000000000005 2035128.0000000002 1460151936.0000002 4.4567191600799569 1.0000000180025095e-35 1524890176.0000002 102852.00000000001 1.0000000180025095e-35 92160.000000000015 6.5993704795837411 688209.00000000012 649686.00000000012 5.5911121368408212 86190.000000000015 3004.0000000000005 233728.00000000003 2306.0000000000005 8191.0000000000009 4.4506406784057626 2.4957842826843266 1346.0000000000002 1117022144.0000002 5.8573274612426767 1003217792.0000001
decision_type=2 2 2 2 2 2 2 2 2 2 2 2 2 2 2 2 2 2 2 2 2 2 2 2 2 2 2 2 2 2 2 2
left_child=2 3 14 -2 7 6 9 8 11 12 -3 -4 18 -14 25 16 -16 -10 20 28 21 -5 -23 -17 -6 26 31 -22 -12 -27 -31 -1
right_child=1 10 4 5 24 -7 -8 -9 17 -11 19 -13 13 -15 15 23 -18 -19 -20 -21 27 22 -24 -25 -26 29 -28 -29 -30 30 -32 -33
leaf_value=-0.058522974836406429 -0.029384075378232174 0.0038664239529761705 -0.022802173993544995 0.038455339805577415 -0.038035761941764751 -0.023211238675632021 -0.0046491851789924633 -0.037459119737810756 0.034635924587583716 0.011868580980342049 -0.05101838693833699 0.023620966314510314 0.014418595776036675 0.062613720718408233 0.0061584707987439738 -0.035858344519320198 -0.040984903043940729 0.070036292382582216 0.03453765643719009 -0.031667936673862709 0.063130794753802039 0.069679063236971997 0.053575933741443094 -0.05739569272810429 -0.061356473202762454 -0.062215466588981187 -0.022487365027849284 0.076661639038871243 -0.061617775321094727 -0.058797135286670112 -0.06019221533453676 -0.05989095623511817
leaf_weight=18.78029499202967 38.087597042322159 18.14842277765274 39.346694648265839 22.124238774180412 17.212050899863243 22.729073777794838 29.301914408802986 22.221109315752983 32.003024235367775 29.016901820898056 14.736213095486162 23.002668872475624 35.086781978607178 29.609093099832535 19.895421624183655 18.079313084483147 22.934768974781036 24.851768359541893 23.245203837752342 29.668239384889603 27.781219661235809 39.108820259571075 41.674721136689186 23.966291069984436 15.719121009111403 19.047793164849281 14.196486085653303 27.153073653578758 24.177704021334648 16.865745186805729 14.622229017317293 12.955060087144373
leaf_count=151 190 87 199 98 99 101 156 102 142 121 101 102 154 132 110 111 145 103 101 173 135 180 186 161 107 136 97 122 164 133 105 101
internal_value=0.000258163 0.0182824 -0.022628 0.0311526 0.000250112 0.0382073 0.0427978 0.0117571 0.0209316 0.0478571 -0.0358692 -0.0056752 0.0521059 0.0364759 -0.0446247 -0.0334761 -0.0190859 0.0501098 0.0576899 -0.0463842 0.0610995 0.0564449 0.0613718 -0.0481348 -0.0491675 -0.0544336 -0.047771 0.0698189 -0.0576039 -0.0604892 -0.059445 -0.0590814
internal_weight=807.349 451.649 355.7 364.919 174.356 326.831 304.102 141.425 119.204 274.8 86.7306 62.3494 245.783 64.6959 181.343 84.8758 42.8302 56.8548 181.087 68.5822 157.842 102.908 80.7835 42.0456 32.9312 96.4676 45.9318 54.9343 38.9139 50.5358 31.488 31.7354
internal_count=4305 2201 2104 1676 854 1486 1385 648 546 1229 525 301 1108 286 1250 527 255 245 822 438 721 464 366 272 206 723 349 257 265 374 238 252
is_linear=0
shrinkage=0.05


Tree=19
num_leaves=32
num_cat=0
split_feature=0 18 29 1 56 9 11 77 38 70 14 0 95 47 16 26 0 10 50 44 26 97 23 16 102 26 16 25 16 38 33
split_gain=123.123 120.403 74.5209 60.1091 56.5754 29.6738 19.5046 20.1056 15.0061 15.5024 14.2284 13.6775 11.8475 12.475 6.98915 11.6544 6.29353 8.00254 5.14202 4.56162 4.50806 4.10105 2.5007 1.63878 0.69739 0.509048 0.413232 0.246205 0.192518 0.270641 0.135717
threshold=1276916864.0000002 6076.0000000000009 2415919168.0000005 1.0000000180025095e-35 4.5499830245971689 2.5000000000000004 13928.000000000002 1.0000000180025095e-35 4094.0000000000005 1.0000000180025095e-35 278.00000000000006 1460151936.0000002 1.0000000180025095e-35 50747.000000000007 954.00000000000011 159895.50000000003 1515556544.0000002 192.00000000000003 4.0644340515136728 7424.0000000000009 649686.00000000012 1.0000000180025095e-35 118.00000000000001 1022.0000000000001 1.5000000000000002 7456.0000000000009 1346.0000000000002 49252.000000000007 11248.000000000002 1268.0000000000002 1630.0000000000002
decision_type=2 2 2 2 2 2 2 2 2 2 2 2 2 2 2 2 2 2 2 2 2 2 2 2 2 2 2 2 2 2 2
left_child=2 3 4 -2 8 6 7 14 19 12 -4 -3 13 -10 27 -16 17 -17 -14 23 26 24 -18 -1 -11 -25 -13 -5 29 30 -27
right_child=1 11 10 5 -6 -7 -8 -9 9 21 -12 20 18 -15 15 16 22 -19 -20 -21 -22 -23 -24 25 -26 28 -28 -29 -30 -31 -32
leaf_value=-0.039937079784997637 -0.028318361710819914 0.0055060299320530033 0.055580271472218015 0.064871797019065411 0.021536834903485496 -0.007036806215654879 0.0014152886136202844 0.00372096987271201 0.031188526668680955 -0.048363485729609523 0.0044689185992618534 -0.050128316862557122 -0.052378388281526717 -0.024623655659244292 0.0232275880140069 0.062466633356903126 0.054596495899300657 0.029396061759485611 -0.013631102708045146 -0.024933329650001279 -0.030619870086595592 -0.028455868665394103 0.075123517397065978 -0.050101784482631896 -0.061481577042819806 -0.053591672390873681 -0.060939551717843377 0.071702401916522468 -0.05503264654863757 -0.064469324236201594 -0.060431132591815477
leaf_weight=17.257697656750679 37.021917268633842 16.479066014289856 30.604447200894356 22.888166889548302 45.324416026473045 31.181035965681076 24.001289069652557 22.661125764250755 22.543097957968712 19.891551204025745 24.530329242348671 14.260107882320879 17.602261945605278 18.011384256184101 36.750332564115524 34.833176627755165 24.987778201699257 38.524454072117805 16.672212831676006 15.054628156125544 29.162614807486534 22.578763753175735 36.524303525686264 23.060050286352634 20.648640967905521 13.931706540286543 23.247994892299175 31.141542583703995 25.670784123241901 22.363183364272118 15.13068802654743
leaf_count=113 186 79 132 115 197 165 102 93 112 131 101 101 106 111 157 163 112 171 96 92 173 145 168 185 135 104 164 155 193 137 111
internal_value=0.000241879 0.0186574 -0.0207949 0.0318291 -0.0301606 0.0391662 0.0444567 0.048617 -0.0388256 -0.0272834 0.03284 -0.0352831 -0.0118892 0.00640077 0.0531257 0.0481883 0.0549898 0.0450993 -0.0335305 -0.0508451 -0.0453649 -0.0455336 0.0667849 -0.0541675 -0.055045 -0.0566195 -0.0568293 0.0688088 -0.058569 -0.0603343 -0.0571525
internal_weight=794.541 423.665 370.876 340.515 315.741 303.493 272.312 248.311 270.417 137.948 55.1348 83.1498 74.829 40.5545 225.65 171.62 134.87 73.3576 34.2745 132.469 66.6707 63.119 61.5121 117.414 40.5402 100.156 37.5081 54.0297 77.0964 51.4256 29.0624
internal_count=4305 2104 2201 1587 1968 1401 1236 1134 1771 836 233 517 425 223 1041 771 614 334 202 935 438 411 280 843 266 730 265 270 545 352 215
is_linear=0
shrinkage=0.05


Tree=20
num_leaves=34
num_cat=0
split_feature=29 11 4 16 81 27 95 107 18 37 30 38 88 40 2 48 21 48 16 14 40 10 70 16 40 13 38 23 100 30 36 17 16
split_gain=100.914 89.9327 94.6662 50.5369 59.0474 33.839 31.6672 48.4821 34.8006 22.2956 15.5923 13.9726 12.0844 14.1967 11.6401 9.47651 9.16843 7.10328 5.58528 5.4281 5.03311 4.75317 4.0342 3.4824 1.87714 1.30729 1.13062 1.00881 2.06462 0.912172 0.173395 0.141862 0.13922
threshold=3221225600.0000005 9032.0000000000018 1.0000000180025095e-35 704.00000000000011 1.0000000180025095e-35 1120.0000000000002 1.0000000180025095e-35 86520.000000000015 7120.0000000000009 2032.5000000000002 6.6054213047027597 3208.5000000000005 1.0000000180025095e-35 3.9577050209045415 9.5000000000000018 17948.000000000004 4472.0000000000009 3810.0000000000005 898.00000000000011 116.00000000000001 4.3066120147705087 192.00000000000003 1.0000000180025095e-35 103364.00000000001 1.2963870763778689 50454.000000000007 12588.000000000002 526.00000000000011 1.0000000180025095e-35 4.2427031993865976 31620.500000000004 22016.000000000004 5343.5000000000009
decision_type=2 2 2 2 2 2 2 2 2 2 2 2 2 2 2 2 2 2 2 2 2 2 2 2 2 2 2 2 2 2 2 2 2
left_child=1 2 29 21 6 -2 7 19 9 10 11 -9 22 -14 16 18 20 -15 -3 -5 -11 -4 -8 -16 -7 -6 -26 28 -20 30 -1 -29 -32
right_child=5 15 3 4 25 24 12 8 -10 14 -12 -13 13 17 23 -17 -18 -19 27 -21 -22 -23 -24 -25 26 -27 -28 31 -30 -31 32 -33 -34
leaf_value=-0.062397913940368532 0.0029781442677331237 -0.02828568606289443 0.041252738913189237 -0.041204094624061133 -0.044711650567024586 0.053122358962534338 0.019252144121189509 0.020473064145568751 -0.031323427717813011 0.029803604396637092 0.042858312672801657 -0.027402495334548468 -0.060317219009043271 0.011481933761627632 0.07711393751570228 -0.018098031795931637 0.0028875509242824275 -0.028876163069927321 -0.063263163672193354 -0.007062602105092769 0.061530788955988153 0.071536918850441819 -0.011209157373009298 0.051836931554310101 0.078646618475906788 -0.063160298807962117 0.063135691671611469 -0.065741950736905974 -0.040349986908004287 -0.044284535365249532 -0.052534519795170979 -0.059869017618961365 -0.059247582802345267
leaf_weight=20.431248120963573 31.45167700946331 18.898085497319698 30.765752553939819 30.693273387849331 16.160432562232018 20.476798757910728 24.586753778159618 34.491091996431351 23.782250702381134 28.551879331469536 30.817509368062019 27.305132448673248 22.477944828569889 19.087956234812737 25.154169678688049 24.28041835129261 18.883254192769527 25.425472214818001 21.079452820122242 18.755946710705757 22.234383553266525 22.382869452238083 19.481719121336937 29.731398016214371 24.655964925885201 23.662935070693493 22.442073911428452 27.862762525677681 18.424087643623352 13.640800029039381 13.075035534799101 16.29638633877039 18.868868730962276
leaf_count=157 138 109 165 188 112 97 127 155 140 138 133 118 140 101 116 134 100 144 144 100 105 112 102 144 115 139 104 176 119 98 111 108 154
internal_value=-0.00136862 -0.00816776 0.000436661 0.00794547 0.00239783 0.0458205 0.00815832 0.0168426 0.0260976 0.0323858 0.0138068 -0.000681116 -0.0145494 -0.0279264 0.0462004 -0.0461864 0.0326337 -0.0115701 -0.0528361 -0.0282543 0.0436939 0.0540065 0.00578586 0.0634214 0.0657609 -0.0556738 0.0712557 -0.0583816 -0.0525767 -0.0558012 -0.0588006 -0.0635746 -0.0564998
internal_weight=786.316 687.289 560.448 494.432 441.284 99.0265 401.46 290.4 240.951 217.169 92.6137 61.7962 111.06 66.9914 124.555 126.841 69.6695 44.5134 102.561 49.4492 50.7863 53.1486 44.0685 54.8856 67.5748 39.8234 47.098 83.6627 39.5035 66.016 52.3752 44.1591 31.9439
internal_count=4343 3889 3099 2579 2302 454 2051 1437 1149 1009 406 273 614 385 603 790 343 245 656 288 243 277 229 260 316 251 219 547 263 520 422 284 265
is_linear=0
shrinkage=0.05


Tree=21
num_leaves=35
num_cat=0
split_feature=0 18 7 53 24 98 30 16 30 55 16 88 16 2 107 28 95 74 23 20 35 0 10 0 38 40 28 10 43 26 30 13 10 32
split_gain=125.015 107.859 50.7579 47.0903 30.2964 35.1549 30.1747 22.5849 21.2878 20.7206 18.8779 15.0573 12.2989 10.5044 10.4046 9.26137 6.23755 5.33357 4.42026 7.17868 3.83635 6.24272 2.43519 3.96387 1.50351 1.29406 2.30613 0.977278 0.645703 0.56224 0.222098 0.284211 0.00225225 0.000116981
threshold=1259795392.0000002 6052.0000000000009 5.5000000000000009 41318.500000000007 1.0000000180025095e-35 1.0000000180025095e-35 6.7539403438568124 580.00000000000011 6.6054213047027597 5.9745409488677987 3232.0000000000005 1.0000000180025095e-35 1042.0000000000002 9.5000000000000018 94645.500000000015 62028.000000000007 1.0000000180025095e-35 1.0000000180025095e-35 798.00000000000011 1.0000000180025095e-35 4.2312691211700448 1383952448.0000002 32800.000000000007 1526964352.0000002 11456.000000000002 3.3377085924148564 20614.000000000004 32848.000000000007 20224.000000000004 122257.50000000001 6.1014685630798349 8558.0000000000018 1184.0000000000002 1472.0000000000002
decision_type=2 2 2 2 2 2 2 2 2 2 2 2 2 2 2 2 2 2 2 2 2 2 2 2 2 2 2 2 2 2 2 2 2 2
left_child=3 2 4 6 5 11 7 -1 9 -5 12 17 -6 -3 25 16 -16 20 19 -17 21 -2 -15 -24 27 30 -27 29 -20 -22 31 32 -9 -34
right_child=1 13 -4 8 10 -7 -8 14 -10 -11 -12 -13 -14 22 15 18 -18 -19 28 -21 24 -23 23 -25 -26 26 -28 -29 -30 -31 -32 -33 33 -35
leaf_value=0.012986659876442938 0.064635175507685397 -0.0088318167775435323 -0.026383913321318023 -0.04304787559044701 0.010810402645032434 -0.010969594975736413 0.03457799117556011 -0.058029462290134295 0.051502465268889325 0.023854018818756751 0.038032337762206728 0.020478785763625867 -0.047035045543091319 -0.06051612394288039 0.0084202282229013901 -0.01702888462382391 -0.032255709166174443 0.034312963539285 -0.060625848527153928 -0.052694603351883446 0.057060688497768547 0.027049018658128463 -0.023020848100153545 -0.056956964904521838 0.055477308611481327 -0.030943988660965573 -0.059242803793811562 0.074598537161895156 -0.047413088425476008 0.068001452870225826 -0.062056935404361614 -0.049458868844848146 -0.057346136495999026 -0.057151500264335256
leaf_weight=20.530182927846909 22.363846600055695 26.071039594709873 37.388251706957817 21.401316002011299 17.877090901136398 27.013296484947205 15.469074346125124 13.418837927281855 23.494331687688828 25.202736735343933 24.068325370550156 37.482638880610466 18.90767328441143 21.396486714482307 19.315558642148972 33.427024744451046 18.406164065003395 26.272034749388695 19.039339534938335 24.41223880648613 21.624604910612106 21.831914082169533 18.219360277056694 16.305499471724033 39.774588093161583 15.051591075956823 13.799761570990084 29.48773954808712 17.977804191410542 25.696409359574318 16.495993822813034 14.660695739090441 16.296178705990318 14.668611586093901
leaf_count=115 108 139 187 104 96 116 77 118 98 106 104 165 105 156 103 174 111 111 130 163 111 101 114 121 187 102 100 148 131 129 123 110 146 134
internal_value=-0.00132864 0.0165733 0.0286724 -0.0238599 0.0352616 0.04292 -0.0332472 -0.0373218 0.0126953 -0.00686839 0.00360392 0.0494034 -0.0189226 -0.0350426 -0.0416803 -0.0323835 -0.0114274 0.0551995 -0.0407171 -0.0320823 0.0586125 0.0460683 -0.0472623 -0.0390483 0.0633679 -0.0534873 -0.0444795 0.0674539 -0.0542089 0.0630018 -0.0569277 -0.0554947 -0.0574884 -0.0572539
internal_weight=774.848 431.781 349.788 343.067 312.4 251.547 272.969 257.5 70.0984 46.6041 60.8531 224.534 36.7848 81.9924 236.97 132.578 37.7217 187.051 94.8564 57.8393 160.779 44.1958 55.9213 34.5249 116.583 104.392 28.8514 76.8088 37.0171 47.321 75.5403 59.0443 44.3836 30.9648
internal_count=4343 2198 1668 2145 1481 1176 1837 1760 308 210 305 1060 201 530 1645 812 214 895 598 337 784 209 391 235 575 833 202 388 261 240 631 508 398 280
is_linear=0
shrinkage=0.05


Tree=22
num_leaves=37
num_cat=0
split_feature=0 18 9 29 72 12 10 28 34 42 38 86 2 56 16 87 30 31 11 23 107 26 40 16 10 0 26 35 4 0 40 10 5 26 107 32
split_gain=115 99.0394 53.9018 52.2081 50.1699 38.7117 26.7447 20.4545 16.1379 12.5923 11.5967 10.6687 10.1012 8.75802 6.77996 6.09861 4.53322 3.13019 4.7329 4.14568 9.91129 2.82333 2.72331 4.40742 2.43608 3.90238 2.40461 1.43648 0.793676 0.669035 0.535086 0.361648 0.0748704 0.00595548 0.00558486 7.71239e-05
threshold=1259795392.0000002 6052.0000000000009 2.5000000000000004 2415919168.0000005 1.5000000000000002 76.500000000000014 32800.000000000007 1005620.0000000001 3221225600.0000005 30116.000000000004 14.000000000000002 1.0000000180025095e-35 9.5000000000000018 5.3429026603698739 434.00000000000006 1.0000000180025095e-35 6.6685187816619882 21890.500000000004 4326.0000000000009 494.00000000000006 131836.00000000003 26330.000000000004 3.8461006879806523 1004.0000000000001 32800.000000000007 1526964352.0000002 605712.50000000012 4.9452183246612558 29952.000000000004 1406676800.0000002 4.3518612384796151 336.00000000000006 4.5000000000000009 26330.000000000004 143104.00000000003 1472.0000000000002
decision_type=2 2 2 2 2 2 2 2 2 2 2 2 2 2 2 2 2 2 2 2 2 2 2 2 2 2 2 2 2 2 2 2 2 2 2 2
left_child=3 2 5 4 6 7 13 10 -5 -4 -2 15 -3 14 -1 22 17 18 19 20 21 -16 23 -12 -14 -26 -25 -21 31 -24 -31 -19 34 35 -20 -33
right_child=1 12 9 8 -6 -7 -8 -9 -10 -11 11 -13 24 -15 16 -17 -18 28 32 27 -22 -23 29 26 25 -27 -28 -29 -30 30 -32 33 -34 -35 -36 -37
leaf_value=-0.013424402117165987 0.020688739783428833 -0.0084241108704655072 -0.045021684284469829 0.052813456015691311 0.042983909622506027 -0.022140013672998067 0.013824274920365288 0.00029646455355188274 -0.0046120353631055244 0.0075471591765215841 0.067693254468356556 0.020120635872687413 -0.059911761532228769 -0.0036689981363316466 -0.029117905005602282 0.034034046668736294 -0.018773084857695042 -0.046959869165880151 -0.058828538200174973 -0.057696031187238074 0.00385161075090249 -0.060620213634015152 0.071950815839676302 0.032053356641005094 -0.022166926624669476 -0.056289885099847739 0.054861507506789531 -0.040500674448514545 -0.068236096945060942 0.06836256496944576 0.057766487529071625 -0.056946631704818187 -0.055144951564427697 -0.058287092261920637 -0.060218323509629683 -0.056771969506124356
leaf_weight=16.409809157252312 39.075869858264923 25.968849785625935 26.541912242770195 24.90925520658493 21.092791073024273 26.614787623286247 23.491353467106819 27.668522194027901 24.043084785342216 19.957419008016586 27.97807252407074 25.471690341830254 20.553062103688717 14.011023342609404 14.110617429018022 29.798562169075012 13.529025398194788 11.067358836531637 13.003183051943781 21.991952657699585 16.352545946836472 14.340911976993082 26.156799405813217 25.04344142973423 17.981332175433636 15.689422205090521 21.456913009285927 27.127204470336437 14.510841712355612 20.037963882088661 29.388774529099464 15.199434988200666 13.900800146162508 10.451290450990198 16.277532160282135 10.818898946046827
leaf_count=98 177 139 165 107 92 119 116 121 100 99 152 110 156 68 102 124 89 95 105 148 92 106 129 114 114 121 108 194 67 105 145 142 112 90 119 103
internal_value=-0.00129097 0.0159884 0.0276168 -0.0231255 -0.0312478 0.0354125 -0.037121 0.0410423 0.0246088 -0.0224592 0.045655 0.0504062 -0.0340665 -0.0420439 -0.0443909 0.0546952 -0.0467802 -0.0486828 -0.0444658 -0.0381669 -0.027168 -0.0449966 0.058798 0.0520125 -0.0463471 -0.0380671 0.0425778 -0.0481995 -0.0580009 0.0654843 0.0620622 -0.0548765 -0.0581666 -0.057279 -0.0596011 -0.056874
internal_weight=762.022 425.383 345.191 336.639 287.687 298.691 266.594 272.077 48.9523 46.4993 244.408 205.332 80.1927 243.102 229.091 179.861 212.682 199.153 137.105 93.9232 44.8041 28.4515 150.062 74.4784 54.2238 33.6708 46.5004 49.1192 62.0478 75.5835 49.4267 47.537 43.1815 36.4696 29.2807 26.0183
internal_count=4343 2198 1668 2145 1938 1404 1846 1285 207 264 1164 987 530 1730 1662 877 1564 1475 978 642 300 208 753 374 391 235 222 342 497 379 250 430 336 335 224 245
is_linear=0
shrinkage=0.05


Tree=23
num_leaves=35
num_cat=0
split_feature=0 18 29 72 7 24 98 10 0 34 88 106 38 23 107 74 33 35 0 27 4 37 40 27 38 107 107 32 23 0 8 43 107 27
split_gain=105.89 90.9855 48.2468 46.3022 45.1599 25.7886 31.6209 25.1583 16.732 14.7506 14.4753 9.9798 8.01826 15.0696 13.2503 5.24069 5.04298 3.85014 5.98087 2.63795 6.90819 7.90658 2.47824 1.82055 2.62931 1.33832 0.886653 0.661148 0.654549 0.563611 0.368533 0.119743 0.0039945 8.17463e-05
threshold=1259795392.0000002 6052.0000000000009 2415919168.0000005 1.5000000000000002 5.5000000000000009 1.0000000180025095e-35 1.0000000180025095e-35 32800.000000000007 1524500032.0000002 3221225600.0000005 1.0000000180025095e-35 1.5000000000000002 6382.5000000000009 494.00000000000006 139404.00000000003 1.0000000180025095e-35 59728.000000000007 4.2312691211700448 1383952448.0000002 14916.000000000002 1.0000000180025095e-35 1072.0000000000002 3.1604448556900029 155904.00000000003 9414.0000000000018 265728.00000000006 784384.00000000012 24832.000000000004 106.00000000000001 1091599680.0000002 1088.0000000000002 15104.000000000002 12848.000000000002 1848.5000000000002
decision_type=2 2 2 2 2 2 2 2 2 2 2 2 2 2 2 2 2 2 2 2 2 2 2 2 2 2 2 2 2 2 2 2 2 2
left_child=2 4 3 7 5 6 10 12 -7 -4 15 -3 19 14 -14 17 27 18 -2 20 32 -22 -15 24 28 -24 29 -13 -19 -21 -31 -27 33 -1
right_child=1 11 9 -5 -6 8 -8 -9 -10 -11 -12 16 13 22 -16 -17 -18 23 -20 26 21 -23 25 -25 -26 31 -28 -29 -30 30 -32 -33 -34 -35
leaf_value=-0.056435455206813583 0.061841297998549316 -0.0011187459411957203 0.050645876524367653 0.041014845820734523 -0.025590165958038563 -0.024358144731923787 -0.010954090281011193 0.013076840964873097 0.028689503947250117 -0.0043822823780150285 0.018053142107851299 -0.0587100630000209 -0.039543243630496522 -0.028804560208213221 0.017123906787740367 0.031628005724646129 -0.0237997324637584 0.055793308847125703 0.024432609655103771 -0.064500230724248014 -8.2874003546135424e-05 -0.050705917260255612 -0.040585254562044752 0.069510557302695494 0.043248628044260766 -0.06229641401289792 -0.045643468694734839 -0.044810143674483272 0.067932532137711082 -0.047607330589575024 -0.058782460421301454 -0.055810043880348797 -0.057710997312937135 -0.056616136526550058
leaf_weight=11.919096507132055 21.362041100859642 18.596579447388649 24.682368189096451 21.002453655004501 36.926140576601028 28.316022142767906 26.902132958173752 23.589740410447121 31.291342824697495 24.038548707962036 37.042980581521988 25.2150684222579 18.237798027694225 14.210213437676428 23.748754940927029 26.032815903425217 21.686751984059811 18.262597784399986 21.376481294631958 23.640836291015148 16.021619983017448 14.873656563460825 14.628695055842398 38.895250901579857 25.680272683501244 14.848224058747293 17.094313815236092 12.947763279080389 28.331337794661522 12.474038623273374 18.057044759392738 13.661809481680391 10.025013804435728 13.185180082917212
leaf_count=118 108 99 107 92 187 151 116 116 154 100 165 188 128 105 124 111 144 97 101 164 110 109 105 198 128 100 93 99 152 101 148 106 91 128
internal_value=-0.00125514 0.0154325 -0.0224404 -0.0303988 0.026619 0.0329714 0.0401769 -0.0361627 0.00348962 0.0234954 0.0465162 -0.033112 -0.0410715 -0.030251 -0.00749074 0.0523757 -0.0430531 0.0558851 0.0431306 -0.0489005 -0.0416999 -0.0244539 -0.0469143 0.0607884 0.0560945 -0.0528798 -0.0555716 -0.0539941 0.0631745 -0.0587044 -0.0542167 -0.0591882 -0.0568673 -0.0565304
internal_weight=748.805 418.866 329.939 281.218 340.419 303.493 243.886 260.216 59.6074 48.7209 216.984 78.4462 236.626 99.3355 41.9866 179.941 59.8496 153.908 42.7385 137.291 66.0246 30.8953 57.3489 111.169 72.2742 43.1387 71.2662 38.1628 46.5939 54.1719 30.5311 28.51 35.1293 25.1043
internal_count=4343 2198 2145 1938 1668 1481 1176 1846 305 207 1060 530 1730 668 252 895 431 784 209 1062 556 219 416 575 377 311 506 287 249 413 249 206 337 246
is_linear=0
shrinkage=0.05


Tree=24
num_leaves=35
num_cat=0
split_feature=0 18 9 53 12 16 28 30 30 55 30 13 16 38 107 11 107 27 15 107 87 0 40 58 40 40 43 27 4 25 30 13 10 32
split_gain=97.4919 83.962 47.9255 39.6153 29.3417 27.1883 18.4956 17.7793 17.7397 16.1364 14.9448 11.0025 10.4773 20.4989 9.56713 10.1004 8.60429 8.75995 7.91024 7.04621 6.9247 6.89162 3.68548 3.51941 1.48264 1.31005 0.898495 0.866344 0.54667 0.251825 0.228859 0.291281 0.00290322 8.68756e-05
threshold=1259795392.0000002 5356.0000000000009 2.5000000000000004 41318.500000000007 76.500000000000014 580.00000000000011 915541.50000000012 6.6947646141052255 6.6054213047027597 5.9745409488677987 6.5152947902679452 55734.000000000007 898.00000000000011 4094.0000000000005 94645.500000000015 9690.0000000000018 1238755.0000000002 77568.000000000015 432128.00000000006 1293724.0000000002 1.0000000180025095e-35 1524649472.0000002 2.2566361427307133 1.0000000180025095e-35 3.3377085924148564 4.8767166137695321 2656.0000000000005 28928.000000000004 143616.00000000003 49252.000000000007 6.1014685630798349 8558.0000000000018 1184.0000000000002 1472.0000000000002
decision_type=2 2 2 2 2 2 2 2 2 2 2 2 2 2 2 2 2 2 2 2 2 2 2 2 2 2 2 2 2 2 2 2 2 2
left_child=3 2 4 5 6 -1 12 14 9 -5 19 -4 29 21 24 16 17 -16 -12 27 22 -14 -15 -19 30 26 -24 -3 -17 -2 31 32 -7 -34
right_child=1 10 11 8 -6 7 -8 -9 -10 -11 18 -13 13 20 15 28 -18 23 -20 -21 -22 -23 25 -25 -26 -27 -28 -29 -30 -31 -32 -33 33 -35
leaf_value=0.021455777153566502 0.06038621494997929 -0.064826107732049151 -0.050508242651542593 -0.039243376180729754 -0.019103729667081858 -0.057056252317819904 0.0018574286735432218 0.014648739315315316 0.047531776185362092 0.020816915002877294 -0.024905313467313589 0.00014122439555510681 -0.0027529788548678099 0.037789595627582218 0.0021335728182500157 -0.048306847544434456 -0.054854110928007217 -0.019379514734361988 0.022482636768960201 -0.016822568000200943 0.030720647688983471 0.033317149937379213 0.049160391717036775 -0.05040226487690469 -0.0417164765015514 0.071068375589070837 0.064072868308210282 -0.049537760136024178 -0.061590325024620189 0.067443796508920642 -0.061328005065856409 -0.047906166868870684 -0.05620448785513138 -0.056025463830628612
leaf_weight=22.641923680901527 23.526885330677032 15.579546973109244 18.991033442318439 20.35482731461525 23.426818609237671 11.899072632193564 29.121034413576126 16.158141657710075 23.216707020998001 24.819740563631058 18.453050822019577 24.625607699155807 30.761552035808563 18.982309073209763 37.366360642015934 14.883420854806902 16.56040471047163 22.504052482545376 16.845399975776672 16.683911196887493 34.164967775344849 23.252028778195381 19.30398790538311 15.397246792912481 26.220006562769413 27.739701017737389 21.186817273497581 22.867314867675304 16.149724304676056 27.312792703509331 14.387928999960421 13.586630411446093 14.324818827211859 12.860650800168512
leaf_count=125 135 108 132 104 105 118 129 91 98 106 123 119 135 98 199 110 102 148 94 92 143 105 93 111 199 141 117 178 126 151 118 110 146 134
internal_value=-0.00121995 0.0148832 0.0268255 -0.0217802 0.0344508 -0.030845 0.039364 -0.0359427 0.0120104 -0.00624514 -0.0276932 -0.021912 0.044192 0.0383988 -0.0397248 -0.0305588 -0.0222248 -0.0150456 -0.00229047 -0.0439577 0.0498016 0.0127747 0.0572765 -0.0319824 -0.0517976 0.0626979 0.0569633 -0.0557329 -0.0552196 0.0641778 -0.0557393 -0.0542126 -0.0564049 -0.0561198
internal_weight=736.156 412.825 322.396 323.332 278.779 254.94 255.352 232.298 68.3913 45.1746 90.4292 43.6166 226.231 175.391 216.14 122.861 91.8281 75.2677 35.2985 55.1308 121.378 54.0136 87.2128 37.9013 93.2791 68.2305 40.4908 38.4469 31.0331 50.8397 67.0591 52.6712 39.0845 27.1855
internal_count=4343 2198 1603 2145 1352 1837 1247 1712 308 210 595 251 1118 832 1621 796 560 458 217 378 592 240 449 259 825 351 210 286 236 286 626 508 398 280
is_linear=0
shrinkage=0.05


Tree=25
num_leaves=35
num_cat=0
split_feature=0 18 45 7 72 29 30 14 24 100 30 0 23 50 38 4 40 48 107 25 107 14 21 20 4 2 16 42 15 20 44 35 28 30
split_gain=86.5237 76.1029 58.0064 41.8423 36.2242 30.8173 23.2691 18.8946 19.6429 16.7289 15.1639 15.0731 14.1543 21.7863 12.2946 13.9694 10.7322 6.55874 5.00683 4.67914 4.59694 4.22598 4.05127 2.15365 2.90231 1.30877 0.6908 0.644146 0.60374 0.58844 0.427747 0.121268 0.0695833 0.0180223
threshold=1276916864.0000002 5356.0000000000009 3623878656.0000005 5.5000000000000009 1.5000000000000002 2415919168.0000005 6.6279010772705087 1004.0000000000001 1.0000000180025095e-35 1.0000000180025095e-35 6.5152947902679452 1524500032.0000002 510.00000000000006 4.5808897018432626 7094.0000000000009 52992.000000000007 4.1878225803375253 2772.0000000000005 723538.50000000012 487680.00000000006 667136.00000000012 98.500000000000014 1.0000000180025095e-35 122.00000000000001 28416.000000000004 9.5000000000000018 1598.0000000000002 40546.500000000007 83968.000000000015 66.000000000000014 2374.0000000000005 3.9952657222747807 20477.500000000004 4.0898435115814218
decision_type=2 2 2 2 2 2 2 2 2 2 2 2 2 2 2 2 2 2 2 2 2 2 2 2 2 2 2 2 2 2 2 2 2 2
left_child=2 3 4 7 5 6 14 8 12 -8 20 -10 19 -14 23 17 -12 -16 22 21 29 -2 -17 26 -25 -23 -1 -21 30 -3 31 32 33 -28
right_child=1 10 -4 -5 -6 -7 9 -9 11 -11 16 -13 13 -15 15 18 -18 -19 -20 27 -22 25 -24 24 -26 -27 28 -29 -30 -31 -32 -33 -34 -35
leaf_value=-0.047363095749027223 0.03185644541859585 -0.063838622465901579 0.075238896046165779 -0.026097424794902343 0.039190049869066823 0.012654103528981418 0.032021350134106168 -0.0071594671753982334 -0.017910449803057456 -0.029986255105666916 0.025159959763252061 0.035063553073028518 -0.0034106084195532856 0.054527777718955728 0.018296122011307234 -0.015072633003964778 -0.031134281597633019 -0.025740579834063193 -0.062854067412478162 0.062574192637005158 -0.025960269299391953 0.050369803348137003 -0.050035244580352189 -0.024135114152886272 -0.053428700143640109 0.067285136921640551 -0.055950614464993081 0.074367090741874073 -0.066226380532677778 -0.049769226186271553 -0.045999240186741591 -0.061693884011477011 -0.052087616563026823 -0.058632766984654063
leaf_weight=23.839077465236187 25.965692520141602 14.793506637215616 15.434798218309878 32.912447020411491 21.204793989658356 39.6692184060812 20.207173749804497 25.606762945652008 24.099159695208073 23.558212280273438 18.230414859950542 30.326163485646248 30.946811452507973 34.107546046376228 18.559906870126724 18.163773477077484 15.807872511446474 15.530625201761721 19.602053806185722 23.550855904817581 20.423896364867687 29.78133699297905 15.235345073044298 15.460442684590815 18.661812990903854 18.562682569026947 17.091835059225563 22.779305458068848 14.686986193060873 14.934183232486246 10.99185626208782 10.472204893827437 10.212590508162974 9.8853479698300344
leaf_count=194 128 108 75 166 92 171 99 116 129 160 107 152 135 163 106 132 106 101 133 133 122 165 110 116 132 105 182 115 91 123 75 79 100 89
internal_value=-0.00103788 0.0152452 -0.0194551 0.0270818 -0.0239796 -0.0284176 -0.0346325 0.0336685 0.0380224 -0.00135636 -0.0267415 0.011607 0.0457646 0.0269661 -0.0413009 -0.0267344 -0.000983899 -0.00176568 -0.0427943 0.0559015 -0.0442233 0.0481262 -0.0310212 -0.0509627 -0.0401561 0.0568648 -0.0547572 0.0683724 -0.0571606 -0.0567706 -0.0548906 -0.0569411 -0.0556027 -0.0569334
internal_weight=721.297 382.829 338.468 298.639 323.033 301.828 262.159 265.726 240.12 43.7654 84.1899 54.4253 185.694 65.0544 218.394 87.0917 34.0383 34.0905 53.0012 120.64 50.1516 74.3097 33.3991 131.302 34.1223 48.344 97.1799 46.3302 73.3408 29.7277 58.6538 47.662 37.1898 26.9772
internal_count=4310 2073 2237 1507 2162 2070 1899 1341 1225 259 566 281 944 298 1640 582 213 207 375 646 353 398 242 1058 248 270 810 248 616 231 525 450 371 271
is_linear=0
shrinkage=0.05


Tree=26
num_leaves=34
num_cat=0
split_feature=0 18 45 7 49 29 9 14 30 107 40 30 65 19 35 40 44 107 70 30 26 41 37 47 48 32 26 85 17 61 44 33 4
split_gain=79.5613 69.8024 52.8925 38.3435 34.8074 32.0609 22.3282 19.939 14.2914 14.1928 11.8837 10.43 13.7706 9.52918 6.96209 5.94762 6.16202 4.54608 4.18192 4.10728 3.00148 2.33655 1.86769 1.5438 1.26718 0.855285 0.810664 0.596864 0.586563 0.515719 0.238122 0.227244 0.0407765
threshold=1276916864.0000002 5356.0000000000009 3623878656.0000005 5.5000000000000009 1610612800.0000002 2415919168.0000005 2.5000000000000004 1004.0000000000001 6.5152947902679452 2320544.0000000005 6.4109079837799081 6.6110012531280526 1.0000000180025095e-35 571392.00000000012 1.0000000180025095e-35 1.7696109414100649 62618.500000000007 667136.00000000012 1.0000000180025095e-35 6.6305720806121835 142562.00000000003 51185.500000000007 3970.0000000000005 22417.500000000004 8060.0000000000009 3328.0000000000005 6522.5000000000009 1.0000000180025095e-35 160000.00000000003 1.0000000180025095e-35 2588.0000000000005 6565.0000000000009 4640.0000000000009
decision_type=2 2 2 2 2 2 2 2 2 2 2 2 2 2 2 2 2 2 2 2 2 2 2 2 2 2 2 2 2 2 2 2 2
left_child=2 3 4 6 5 10 7 9 17 14 15 12 -6 -10 -2 26 19 28 20 22 -16 24 25 -24 29 -17 -1 -25 -3 -22 31 32 -28
right_child=1 8 -4 -5 11 -7 -8 -9 13 -11 -12 -13 -14 -15 18 16 -18 -19 -20 -21 21 -23 23 27 -26 -27 30 -29 -30 -31 -32 -33 -34
leaf_value=-0.044433683991486166 0.023034097062203832 -0.049556804742454157 0.07164374371987961 -0.025056276599339664 -0.032168043169438658 0.012627198059481405 -0.010422459028944437 -0.0071991879174274978 0.023045817517749173 0.0013542611057425075 0.0073831267074104317 0.033993243248766507 0.020536898345454784 -0.030210185896444527 0.041006778413631581 -0.042719410764175195 -0.009095649296950779 -0.024999356152145113 0.033034069032828767 -0.018110105174340745 0.063218121553114306 0.046412308146162151 -0.040266157715167311 -0.06118314566115797 0.055222645058388198 -0.025108630048969235 -0.055922563959631945 -0.0478413876548133 -0.063942776794900999 0.074324258241474372 -0.062045914899787225 -0.049436265969470462 -0.059931560508878601
leaf_weight=16.771886512637138 27.587628766894341 15.845864154398443 15.399679668247698 32.574806556105614 25.141425251960754 34.070050895214081 27.197940155863762 22.613148763775826 18.644245982170105 19.338182747364044 12.607965514063833 23.952902942895889 24.442141264677048 15.286433354020117 34.041366532444954 14.145554766058924 18.113083057105541 20.155458554625511 29.298009976744652 16.97666110098362 21.293471708893776 29.920782640576363 25.148218013346195 23.272649817168713 30.146211758255959 13.44942359626293 15.889126107096674 13.102225102484224 12.81665990501642 20.531056508421898 16.341499321162701 12.937424451112745 10.556999266147612
leaf_count=175 141 137 75 166 139 146 157 101 107 85 68 103 107 106 169 107 119 122 149 118 125 144 175 186 171 97 171 112 94 99 123 130 86
internal_value=-0.00100876 0.0147039 -0.0188478 0.0261031 -0.023245 -0.0323533 0.0324646 0.037433 -0.0258712 0.0421902 -0.0396748 0.00690069 -0.00618723 -0.000947052 0.0462858 -0.042691 -0.0360487 -0.0431947 0.0501679 -0.0406503 0.0538609 0.0581553 -0.0449441 -0.0497918 0.0630373 -0.0341362 -0.0540712 -0.0563774 -0.0559896 0.06867 -0.0569719 -0.0548665 -0.0575229
internal_weight=709.61 377.291 332.319 294.543 316.919 243.383 261.968 234.77 82.7487 212.157 209.313 73.5365 49.5836 33.9307 192.819 196.705 124.208 48.818 165.231 106.095 135.933 101.892 89.1181 61.5231 71.9707 27.595 72.4969 36.3749 28.6625 41.8245 55.725 39.3835 26.4461
internal_count=4310 2073 2237 1507 2162 1813 1341 1184 566 1083 1667 349 246 213 998 1599 914 353 857 795 708 539 677 473 395 204 685 298 231 224 510 387 257
is_linear=0
shrinkage=0.05


Tree=27
num_leaves=33
num_cat=0
split_feature=12 4 45 18 62 9 13 35 30 70 35 96 37 10 82 14 23 101 28 28 26 30 10 88 20 48 23 5 28 35 30 35
split_gain=65.7018 77.9812 39.854 33.0947 31.2627 29.7198 23.7984 22.2893 23.4004 18.89 18.7686 16.2372 13.7431 15.6312 21.6668 11.7419 18.1005 9.97617 7.82233 6.37982 5.16217 4.5859 4.53278 4.28879 3.30936 6.40369 3.49848 1.38098 1.29026 0.355525 0.233952 0.0943578
threshold=72.500000000000014 1.0000000180025095e-35 3623878656.0000005 5248.0000000000009 1.5000000000000002 2.5000000000000004 991190.00000000012 5.9673404693603525 6.6947646141052255 1.0000000180025095e-35 5.7966384887695321 1.0000000180025095e-35 16128.000000000002 32800.000000000007 1.0000000180025095e-35 846.00000000000011 86.000000000000014 1.0000000180025095e-35 19252.000000000004 56651.000000000007 389315.50000000006 6.1169595718383798 33104.000000000007 1.0000000180025095e-35 10642.000000000002 5575.0000000000009 314.00000000000006 4.5000000000000009 32813.000000000007 4.4719750881195077 3.6276620626449589 3.2093738317489628
decision_type=2 2 2 2 2 2 2 2 2 2 2 2 2 2 2 2 2 2 2 2 2 2 2 2 2 2 2 2 2 2 2 2
left_child=1 27 3 4 5 6 7 8 9 12 24 22 13 14 15 16 -3 -6 -18 -9 -11 -15 -5 -20 25 26 -2 -1 -7 -28 -29 -32
right_child=10 2 -4 11 17 28 -8 19 -10 20 -12 -13 -14 21 -16 -17 18 -19 23 -21 -22 -23 -24 -25 -26 -27 29 30 -30 -31 31 -33
leaf_value=-0.038572772354319593 -0.03252393961776473 0.037855686248232975 0.071276351595133666 -0.025913753526860313 0.068650779999635675 -0.026418138499231192 -0.026477598717326696 0.067017170095671555 0.049197206107825735 -0.044499453355362401 0.0077360492561913373 0.01414392828038909 0.042716939420500172 0.010871502985471604 0.039377645842922249 -0.054571827927244854 -0.051213854568155609 0.022730767873394959 0.010496876474145767 0.032355647532508476 -0.005284202126128709 0.041272994539037315 -0.056159801603992546 -0.023939346322330954 -0.059053850658857224 -0.0072333354757188849 -0.051942869195012356 -0.064217570538926336 -0.046463204165605225 -0.062993255497180017 -0.05229841180545023 -0.058104166383542322
leaf_weight=12.25660904496908 25.25942450761795 16.734972015023232 26.544940032064915 32.398797854781151 30.656155094504356 15.095840491354464 34.239721842110157 22.140589080750942 35.11303586512804 20.652846738696098 20.856809534132481 21.467533759772778 29.758105285465717 21.378925025463104 21.823142565786839 16.32883782684803 15.841864354908465 19.257613338530064 15.794496640563009 33.15609023720026 14.135770708322523 29.549286380410194 20.054488450288773 21.147410467267036 28.035003557801247 13.101202636957167 13.46855875849724 10.464193679392336 17.146205551922321 15.837906144559382 12.832929313182833 15.392968006432055
leaf_count=122 188 106 148 184 177 105 164 126 178 149 119 137 156 106 95 82 107 96 95 160 88 130 149 139 199 85 107 93 99 123 141 157
internal_value=-0.000980825 0.00588834 0.0115637 0.00841788 0.0137312 0.00884497 0.0131022 0.0174243 0.0112557 0.00528545 -0.0352423 -0.0224862 0.0115375 0.00568722 -0.00510837 -0.0164171 -0.00745513 0.050934 -0.0218208 0.046234 -0.028565 0.0285109 -0.0374777 -0.00921615 -0.0446088 -0.0386241 -0.0461609 -0.0531986 -0.037078 -0.0579148 -0.0578319 -0.0554646
internal_weight=697.922 581.363 530.417 503.872 429.951 380.037 347.795 313.555 258.259 223.146 116.559 73.9208 188.357 158.599 107.671 85.8476 69.5187 49.9138 52.7838 55.2967 34.7886 50.9282 52.4533 36.9419 95.7021 67.6671 54.5659 50.9467 32.242 29.3065 38.6901 28.2259
internal_count=4310 3489 2976 2828 2358 2085 1881 1717 1431 1253 821 470 1016 860 624 529 447 273 341 286 237 236 333 234 702 503 418 513 204 230 391 298
is_linear=0
shrinkage=0.05


Tree=28
num_leaves=35
num_cat=0
split_feature=0 18 29 49 7 9 107 10 0 14 30 16 65 30 40 16 35 30 21 26 37 38 73 20 36 16 40 46 25 38 2 107 30 26
split_gain=70.3593 59.5382 34.5457 37.4627 33.5359 18.4447 18.2869 15.792 13.2208 12.2456 12.2416 12.1776 10.3825 9.29912 8.57564 7.50333 6.99381 5.24756 3.80628 3.14883 3.84593 2.94027 3.6171 6.9175 1.36456 1.31257 0.790252 0.762743 0.611184 0.0654214 0.0146685 0.0123676 0.00268769 6.5154e-05
threshold=1276916864.0000002 5356.0000000000009 2415919168.0000005 1610612800.0000002 5.5000000000000009 2.5000000000000004 2103044.0000000005 28848.000000000004 1452292800.0000002 762.00000000000011 6.6017892360687265 5858.0000000000009 1.0000000180025095e-35 6.4979426860809335 4.462682008743287 434.00000000000006 1.0000000180025095e-35 6.6787507534027108 89088.000000000015 207681.50000000003 2032.5000000000002 4694.0000000000009 1.0000000180025095e-35 1.0000000180025095e-35 57043.500000000007 32778.000000000007 4.7989461421966562 4.576526641845704 258304.00000000003 511.50000000000006 13.500000000000002 63904.000000000007 4.2427031993865976 6522.5000000000009
decision_type=2 2 2 2 2 2 2 2 2 2 2 2 2 2 2 2 2 2 2 2 2 2 2 2 2 2 2 2 2 2 2 2 2 2
left_child=2 4 3 7 5 6 9 15 -3 16 12 -4 -5 25 -9 -1 -2 21 19 20 -18 27 23 -23 -21 30 28 29 -24 31 -10 32 33 -17
right_child=1 8 11 10 -6 -7 -8 14 13 -11 -12 -13 -14 -15 -16 17 18 -19 -20 24 -22 22 26 -25 -26 -27 -28 -29 -30 -31 -32 -33 -34 -35
leaf_value=-0.0076419855165174456 0.02098360094569994 0.016262528975966906 0.046072851190760405 -0.031698148639904257 -0.02362747412631129 -0.0086791237395928682 -0.0014076413857065538 -0.03126391842856073 -0.059503573364494494 0.0032549331252511161 0.037899798294374037 -0.0031656429906314065 0.016720894042639944 -0.012526685239302393 0.016340282179611133 -0.055039493301348913 0.054506052788843518 -0.01236204367436732 0.033926790242572495 0.053425399691285208 0.027005364547828498 -0.0041226379817241466 -0.036932054525616737 -0.054510241274208483 0.067870583605066995 -0.038481851027293366 -0.060446314782377733 -0.042927049824488576 -0.053438852389547854 -0.058981743299381086 -0.05697332220817411 -0.057249171404276079 -0.055939220678632509 -0.054880519751873552
leaf_weight=14.270811989903448 26.030605003237724 16.164655521512032 23.70078718662262 22.282807797193527 31.896682396531105 26.544569239020348 29.438561275601387 18.22475179284811 11.938487656414511 19.548365876078606 22.130732119083405 26.707483798265457 22.005401320755482 27.615897513926029 19.672742053866386 11.051777496933939 34.144373401999474 11.042968869209288 32.779220968484879 33.159812480211258 20.254751577973366 15.313672229647638 11.502996243536474 12.268467493355272 32.248120352625847 13.159432783722876 13.065265811979769 11.82830637693405 10.941902473568915 21.430735491216183 11.0108071193099 9.300970755517481 9.1854202970862371 15.462452195584772
leaf_count=90 137 82 108 129 166 157 130 110 99 91 96 115 97 188 96 133 196 77 174 184 100 107 102 106 172 87 107 99 100 186 110 89 99 191
internal_value=-0.000952358 0.0140398 -0.0180224 -0.0250926 0.0246983 0.0307633 0.0353634 -0.0356859 -0.0241229 0.0408259 0.00753364 0.0199851 -0.00764027 -0.0343672 -0.00655239 -0.0423105 0.0449378 -0.045557 0.0490243 0.0531549 0.0442666 -0.0481503 -0.0401188 -0.0265349 0.0605473 -0.0510709 -0.05067 -0.0546252 -0.0449791 -0.056708 -0.0582896 -0.0556252 -0.0552021 -0.0549468
internal_weight=687.325 365.934 321.39 270.982 286.045 254.148 227.604 204.563 79.8893 198.165 66.4189 50.4083 44.2882 63.7246 37.8975 166.666 178.617 152.395 152.586 119.807 54.3991 141.352 63.0923 27.5821 65.4079 36.1087 35.5102 78.2597 22.4449 66.4314 22.9493 45.0006 35.6996 26.5142
internal_count=4310 2073 2237 2014 1507 1341 1184 1692 566 1054 322 223 226 484 206 1486 963 1396 826 652 296 1319 522 213 356 296 309 797 202 698 209 512 423 324
is_linear=0
shrinkage=0.05


end of trees

feature_importances:
Column_0=76
Column_30=52
Column_16=50
Column_107=50
Column_40=31
Column_10=30
Column_38=28
Column_23=27
Column_18=26
Column_14=25
Column_26=25
Column_29=24
Column_35=24
Column_9=23
Column_28=21
Column_13=20
Column_25=18
Column_2=17
Column_27=17
Column_7=15
Column_19=15
Column_20=14
Column_21=14
Column_11=12
Column_34=12
Column_44=12
Column_32=11
Column_46=11
Column_33=10
Column_37=10
Column_4=9
Column_15=9
Column_24=9
Column_48=8
Column_12=7
Column_43=7
Column_56=7
Column_42=6
Column_47=6
Column_53=6
Column_77=6
Column_17=5
Column_36=5
Column_49=5
Column_52=5
Column_65=5
Column_72=5
Column_82=5
Column_95=5
Column_1=4
Column_5=4
Column_45=4
Column_50=4
Column_67=4
Column_70=4
Column_88=4
Column_96=4
Column_97=4
Column_100=4
Column_6=3
Column_31=3
Column_39=3
Column_51=3
Column_57=3
Column_73=3
Column_74=3
Column_84=3
Column_87=3
Column_93=3
Column_98=3
Column_108=3
Column_22=2
Column_55=2
Column_61=2
Column_62=2
Column_85=2
Column_86=2
Column_91=2
Column_94=2
Column_101=2
Column_104=2
Column_3=1
Column_8=1
Column_41=1
Column_58=1
Column_60=1
Column_63=1
Column_64=1
Column_66=1
Column_68=1
Column_76=1
Column_78=1
Column_79=1
Column_81=1
Column_89=1
Column_99=1
Column_102=1
Column_103=1
Column_106=1
Column_109=1

parameters:
[boosting: gbdt]
[objective: binary]
[metric: auc]
[tree_learner: serial]
[device_type: cpu]
[data_sample_strategy: bagging]
[data: ]
[valid: ]
[num_iterations: 29]
[learning_rate: 0.05]
[num_leaves: 63]
[num_threads: 0]
[seed: 42]
[deterministic: 0]
[force_col_wise: 0]
[force_row_wise: 0]
[histogram_pool_size: -1]
[max_depth: -1]
[min_data_in_leaf: 100]
[min_sum_hessian_in_leaf: 0.001]
[bagging_fraction: 0.8]
[pos_bagging_fraction: 1]
[neg_bagging_fraction: 1]
[bagging_freq: 5]
[bagging_seed: 400]
[bagging_by_query: 0]
[feature_fraction: 0.9]
[feature_fraction_bynode: 1]
[feature_fraction_seed: 30056]
[extra_trees: 0]
[extra_seed: 12879]
[early_stopping_round: 0]
[early_stopping_min_delta: 0]
[first_metric_only: 0]
[max_delta_step: 0]
[lambda_l1: 0]
[lambda_l2: 0]
[linear_lambda: 0]
[min_gain_to_split: 0]
[drop_rate: 0.1]
[max_drop: 50]
[skip_drop: 0.5]
[xgboost_dart_mode: 0]
[uniform_drop: 0]
[drop_seed: 17869]
[top_rate: 0.2]
[other_rate: 0.1]
[min_data_per_group: 100]
[max_cat_threshold: 32]
[cat_l2: 10]
[cat_smooth: 10]
[max_cat_to_onehot: 4]
[top_k: 20]
[monotone_constraints: ]
[monotone_constraints_method: basic]
[monotone_penalty: 0]
[feature_contri: ]
[forcedsplits_filename: ]
[refit_decay_rate: 0.9]
[cegb_tradeoff: 1]
[cegb_penalty_split: 0]
[cegb_penalty_feature_lazy: ]
[cegb_penalty_feature_coupled: ]
[path_smooth: 0]
[interaction_constraints: ]
[verbosity: -1]
[saved_feature_importance_type: 0]
[use_quantized_grad: 0]
[num_grad_quant_bins: 4]
[quant_train_renew_leaf: 0]
[stochastic_rounding: 1]
[linear_tree: 0]
[max_bin: 255]
[max_bin_by_feature: ]
[min_data_in_bin: 3]
[bin_construct_sample_cnt: 200000]
[data_random_seed: 175]
[is_enable_sparse: 1]
[enable_bundle: 1]
[use_missing: 1]
[zero_as_missing: 0]
[feature_pre_filter: 1]
[pre_partition: 0]
[two_round: 0]
[header: 0]
[label_column: ]
[weight_column: ]
[group_column: ]
[ignore_column: ]
[categorical_feature: ]
[forcedbins_filename: ]
[precise_float_parser: 0]
[parser_config_file: ]
[objective_seed: 16083]
[num_class: 1]
[is_unbalance: 0]
[scale_pos_weight: 1]
[sigmoid: 1]
[boost_from_average: 1]
[reg_sqrt: 0]
[alpha: 0.9]
[fair_c: 1]
[poisson_max_delta_step: 0.7]
[tweedie_variance_power: 1.5]
[lambdarank_truncation_level: 30]
[lambdarank_norm: 1]
[label_gain: ]
[lambdarank_position_bias_regularization: 0]
[eval_at: ]
[multi_error_top_k: 1]
[auc_mu_weights: ]
[num_machines: 1]
[local_listen_port: 12400]
[time_out: 120]
[machine_list_filename: ]
[machines: ]
[gpu_platform_id: -1]
[gpu_device_id: -1]
[gpu_device_id_list: ]
[gpu_use_dp: 0]
[num_gpu: 1]

end of parameters

pandas_categorical:null
